Key Items,,,Med Kit,,,Food Items,,,Pokémon Stuff,,,Poké Balls,,,,Equipment,,,
Name,Cost,Description,Name,Cost,Description,Name,Cost,Description,Name,Cost,Description,Name,Cost,Mod,Description,Name,Cost,Slot,Description
Pokédex,12000,"A hand-held computer with an advanced camera and image recognition software given to trainers at the start of their journey.  A trainer can use a Standard Action to identify a Pokémon within 10m using the Pokédex's scanner.  Doing so reveals the average height/weight of the species, height/weight of the target, moves that the Species learns through Level Up, and some brief facts about the species' behavior.

Pokédexes may also function as smartphones, and in most circumstances they should be made available for free to starting characters.",Potion,200,Heals 20 Hit Points,Candy Bar,75,Snack. Grants a Digestion Buff that heals 5 Hit Points.,Big Root,1000,HP stealing moves restore double HP. Cannot be used by Trainers.,Basic Ball,250,+0,Basic Poké Ball; often called just a “Poké Ball”.,Light Armor,8000,Body,Grants 5 Damage Reduction.
Bait,250,"Bait is a tasty, strong-smelling morsel of food designed to attract Pokémon. It may be used in two ways; to lure Pokémon, or to distract Pokémon.

To lure Pokémon, set the bait on a route. Every 15 minutes thereafter, roll 1d20 until you roll 15 or higher. If you roll 3 times without success, the bait loses its potency and fails. If you succeed however, a random Pokémon will appear. Bait is often used for Fishing in this way.
To distract Pokémon, throw it at a Wild Pokémon as a Standard Action. The target must then make a Focus Roll with a DC of 12. If they fail, the Pokémon gives up its next Standard Action to eat the food.",Super Potion,380,Heals 35 Hit Points,Honey,100,Snack. Grants a Digestion Buff that heals 5 Hit Points. May be used as Bait,Bright Powder,2000,+2 to Speed Evasion. Cannot be used by Trainers.,Great Ball,400,-10,A better Poké Ball with no special effects.,Heavy Armor,12000,Body,Heavy Armor grants +10 Damage Reduction. Heavy Armor causes the wearer’s Speed’s Default Combat Stage to be -1.
Collection Jar,100,"A simple sealable glass jar. Useful when collecting Items from Pokémon, such as Honey from Pokémon with the Honey Gather Ability, or MooMoo Milk from Pokémon with the Milk Collection Ability. Available almost everywhere.",Hyper Potion,800,Heals 70 Hit Points,Leftovers,350,"Snack. When their Digestion Buff is traded in, the user recovers 1/16th of their max Hit Points at the beginning of each turn for the rest of the encounter.",Choice Items,3000,"Choice Items are tied to a Specific Stat. While worn, the default state of the Stat is +2 Combat Stages instead of 0. However, the user is Suppressed and cannot be cured until the end of Combat, even if the item is removed. Cannot be used by Trainers.",Ultra Ball,800,-15,The best generic Poké Ball.,Fancy Clothes,5000,Body,"Each set of Fancy Clothes is assigned a Contest Stat – either Beauty, Cool, Cute, Smart, or Tough. Trainers wearing these clothes may roll 2d6 during the Introduction Stage of a Contest to try to generate Contest Stat Dice for the assigned Stat."
First Aid Kit,500,"Required to use the First Aid Expertise Feature. By Draining 1 AP, any Trainer can make a Medicine Education Check on a target as an Extended Action. The target gains Hit Points equal to the result, and is cured of Burn, Poison, and Paralysis.",Antidote,200,Cures Poison,Black Sludge,500,"Poison-Type Pokémon may consume the Black Sludge as a Snack Item; when the Digestion Buff is traded in, they recover 1/8th of their Max Hit Points at the beginning of each turn for the rest of the encounter.",Choice Band,3000,"The default state of the holder's Attack Stat is +2 Combat Stages. However, the holder is Suppressed and cannot be cured until the end of Combat, even if the item is removed. Cannot be used by Trainers.",Master Ball,--,-100,"Incredibly Rare. Worth at least $300,000. Sold nowhere.",Stealth Clothes,2000,Body,"Whether it’s a dark cloak and hood, a ninja suit, or spy gear, these clothes help you blend in. This body-slot equipment raises your modifier to Stealth Checks made to remain unseen by +4, to a maximum total modifier of +4."
Fishing Lure,1500,"Instead of Bait, some trainers may opt to use a Fishing Lure when attempting to Fish. Fishing Lures work just like Bait, but can be used multiple times. If the line snaps or the fish gets away, they may take your lure with them, however.",Paralyze Heal,200,Cures Paralysis,Enriched Water,75,Heals 20 Hit Points,Choice Specs,3000,"The default state of the holder's Special Attack Stat is +2 Combat Stages. However, the holder is Suppressed and cannot be cured until the end of Combat, even if the item is removed. Cannot be used by Trainers.",Safari Ball,800,+0,Used during Safari hunts.,Dark Vision Goggles,1000,Head,These Goggles simply grant the Darkvision Capability while worn.
Saddle,2000,"Saddles help Trainers ride Pokémon. They are created with a specific Pokémon species in mind, and only Pokémon with that body type can wear the saddle. A common Saddle type fits Ponyta, Rapidash, Blitzle, and Zebstrika, for example. Saddles grant a +3 bonus to all Skill Checks made to mount Pokémon, or to remain on the Saddle when hit by an attack.",Burn Heal,200,Cures Burns,Shuckle's Berry Juice,--,Heals 30 Hit Points,Choice Scarf,3000,"The default state of the holder's Speed Stat is +2 Combat Stages. However, the holder is Suppressed and cannot be cured until the end of Combat, even if the item is removed. Cannot be used by Trainers.",Level Ball,800,+0,-20 Modifier if the target is under half the level your active Pokémon is.,Gas Mask,1500,Head,"Gas Masks are invaluable equipment when trying to breathe in toxic environments or heavy smoke. They not only let you breathe through environmental toxins or smoke, but you become immune to the Moves Rage Powder, Poison Gas, Poisonpowder, Sleep Powder, Smog, Smokescreen, Spore, Stun Spore, and Sweet Scent."
Basic Rope,100,"Basic Fiber Rope. Has a tensile strength of 35 kg or 77 lbs. It has 5 Hit Points.

Rope can only be damaged by Fire-Type attacks, attacks made with sharp objects(knives, swords, sharp teeth), and moves like Scratch, Slash, Leaf Blade, Razor Leaf, etc. The Move Cut ignores all Damage Reduction against Rope. Rope can be bought in any length of 25 ft up to 300.",Ice Heal,200,Cures Freezing,Super Soda Pop,125,Heals 30 Hit Points,Choice Item (Def),3000,"The default state of the holder's Defense Stat is +2 Combat Stages. However, the holder is Suppressed and cannot be cured until the end of Combat, even if the item is removed. Cannot be used by Trainers.",Lure Ball,800,+0,-20 Modifier if the target was baited into the encounter with food.,Helmet,2250,Head,The user gains 15 Damage Reduction against Critical Hits. The user resists the Moves Headbutt and Zen Headbutt and can’t be flinched by these Moves.
Utility Rope,200,"Braided Utility Rope. Has a tensile strength of 80 kg or 176 lbs. It has 20 Hit Points and 10 Damage Reduction.

Rope can only be damaged by Fire-Type attacks, attacks made with sharp objects(knives, swords, sharp teeth), and moves like Scratch, Slash, Leaf Blade, Razor Leaf, etc. The Move Cut ignores all Damage Reduction against Rope. Rope can be bought in any length of 25 ft up to 300.",Full Heal,450,Cures all Persistent Status Afflictions,Sparkling Lemonade,250,Heals 50 Hit Points,Choice Item (SDef),3000,"The default state of the holder's Special Defense Stat is +2 Combat Stages. However, the holder is Suppressed and cannot be cured until the end of Combat, even if the item is removed. Cannot be used by Trainers.",Moon Ball,800,+0,-20 Modifier if the target evolves with an Evolution Stone.,Re-Breather,4000,Head,This small partial face mask allows Trainers and Pokémon to breathe underwater as if they had the Gilled Capability for up to an hour. The Re-Breather is refilled automatically in 5 minutes while in open air.
Sturdy Rope,400,"Sturdy Rope with a tensile strength of 225 kg or roughly 500lbs. 30 Hit Points and 20 Damage Reduction.

Rope can only be damaged by Fire-Type attacks, attacks made with sharp objects(knives, swords, sharp teeth), and moves like Scratch, Slash, Leaf Blade, Razor Leaf, etc. The Move Cut ignores all Damage Reduction against Rope. Rope can be bought in any length of 25 ft up to 300.",Full Restore,1450,Heals a Pokémon for 80 Hit Points and cures any Status Afflictions,MooMoo Milk,500,Heals 80 Hit Points,Contest Accessory,1500,The user rolls +2d6 during the Introduction Stage of a Contest. Cannot be used by Trainers.,Friend Ball,800,-5,A caught Pokémon will start with +1 Loyalty.,Sunglasses,2000,Head,"+1 to Charm, Guile, and Intimidate Checks, to a maximum total modifier of +3."
Sleeping Bag,1000,A standard sleeping bag.  Holds one person.,Revive,300,Revives fainted Pokémon and sets to 20 Hit Points,Baby Food,--,"A nutritious food that causes young Pokémon to grow quickly. When consumed, increases Experience Gain of Pokémon at level 15 or lower by 20% for the rest of the day.",Contest Fashion,1000,"These Items have a chosen Contest Stat; Beauty, Cool, Cute, Smart, or Tough. When held, once per Contest, the holder may re-roll any 1s made when using a Move of the chosen Type. Cannot be used by Trainers.",Love Ball,800,+0,"-30 Modifier if the user has an active Pokémon that is of the same evolutionary line as the target, and the opposite gender. Does not work with genderless Pokémon.",Snow Boots,1500,Feet,"Snow Boots grant you the Naturewalk (Tundra) capability, but lower your Overland Speed by -1 while on ice or deep snow."
Sleeping Bag (Double),1800,A standard sleeping bag.  Holds two people.,Energy Powder,150,Heals 25 Hit Points - Repulsive,Cheri Berry,150,"Cures Paralysis, Cool Poffin Ingredient. Tier 1.",Beauty Fashion,1000,Once per Contest the holder may re-roll any 1's made when using a Beauty Move. Cannot be used by Trainers.,Heavy Ball,800,+0,-5 Modifier for each Weight Class the target is above 1.,Running Shoes,2000,Feet,"Running Shoes grant a +2 bonus to Athletics Checks, to a maximum total modifier of +3, and increase your Overland Speed by +1."
Tent,400/m^3,"Standard outdoor tents. Provide protection from the elements of nature. A small one person tent would be about 1m x 1.5m x 1.5m, or 2.25 cubic meters– meaning 900 in price.",Energy Root,500,Heals 70 Hit Points - Repulsive,Chesto Berry,150,"Cures Sleep, Beauty Poffin Ingredient. Tier 1.",Cute Fashion,1000,Once per Contest the holder may re-roll any 1's made when using a Cute Move. Cannot be used by Trainers.,Fast Ball,800,+0,-20 Modifier if the target has a Movement Capability above 7.,Flippers,2000,Feet,"Flippers grant a +2 bonus to your Swim speed when fully submerged, and decrease your Overland speed by the same amount."
Lighter,150,For creating flames in a hurry.,Heal Powder,350,Cure all Persistent Status Afflictions – Repulsive,Pecha Berry,150,"Cures Poison, Cute Poffin Ingredient. Tier 1.",Cool Fashion,1000,Once per Contest the holder may re-roll any 1's made when using a Cool Move. Cannot be used by Trainers.,Sport Ball,800,+0,Used during Safari hunts.,Jungle Boots,1500,Feet,Jungle Boots grant you the Naturewalk (Forest) capability
Waterproof Lighter,1000,For creating flames in a hurry.  Waterproof.,Revival Herb,350,Revives Pokémon and sets to 50% Hit Points - Repulsive,Rawst Berry,150,"Cures Burn, Smart Poffin Ingredient. Tier 1.",Smart Fashion,1000,Once per Contest the holder may re-roll any 1's made when using a Smart Move. Cannot be used by Trainers.,Premier Ball,800,+0,Given as promotional balls during sales.,Fishing Rod,Varies,Hands,"Fishing Rods are used to Fish. They are two-handed items. They come in three varieties; Old Rods, Good Rods, and Super Rods."
Flashlight,200,"For, you know, seeing. In the dark. Yes.",X Attack,350,Increases the Pokémon’s Attack by two Combat Stages,Aspear Berry,150,"Cures Freeze, Tough Poffin Ingredient. Tier 1",Tough Fashion,1000,Once per Contest the holder may re-roll any 1's made when using a Tough Move. Cannot be used by Trainers.,Repeat Ball,800,+0,-20 Modifier if you already own a Pokémon of the target’s species.,Old Rod,1000,Hands,A basic fishing rod.
Waterproof Flashlight,600,"For, you know, seeing. In the dark. Yes.  Waterproof.",X Defend,350,Increases the Pokémon’s Defense by two Combat Stages,Oran Berry,150,Restores 5 Hit Points. Tier 1.,Everstone,1500,Evolution is prevented for the holder. Cannot be used by Trainers.,Timer Ball,800,+5,"-5 to the Modifier after every round since the beginning of the encounter, until the Modifier is -20.",Good Rod,5000,Hands,A better fishing rod.
Water Filter,500,Can ensure that river or pond water is clean to drink after being filtered.,X Special,350,Increases the Pokémon’s Special Attack by two Combat Stages,Persim Berry,150,Cures Confusion. Tier 1.,Eviolite,4000,"Only affects not-fully-evolved Pokémon of a single family, decided when the Eviolite is made. Grants a +5 Bonus to two different Stats, after Combat Stages, decided when the Eviolite is made. Prevents Pokémon from evolving when held. Cannot be used by Trainers.",Nest Ball,800,+0,-20 Modifier if the target is under level 10.,Super Rod,15000,Hands,The best fishing rod.
Repel,200,Lasts 1 hour; causes Pokémon of level 15 or lower to flee.,X Sp. Def.,350,Increases the Pokémon’s Special Defense by two Combat Stages,Razz Berry,150,Cool Poffin Ingredient. Tier 1.,Expert Belt,3500,"Whenever the holder deals Super Effective Damage, they deal an additional 5 damage (this damage is not multiplied). Accessory Item for Trainers.",Net Ball,800,+0,-20 Modifier if the target is Water or Bug type.,Glue Cannon,3000,Hands,"Glue Cannons are exactly what you expect; This two-handed Equipment piece is a hand-held cannon that launches globs of glue. Attacking with a Glue Cannon expends a charge, which must be purchased. The attack is an AC8 Status Attack. If it hits, the target is Slowed. On a critical hit, the target is instead Stuck and Trapped. The Glue Cannon and three charge packets cost $3000, and additional charge packets costs $100."
Super Repel,300,Lasts 2 hours; causes Pokémon of level 25 or lower to flee.,X Speed,350,Increases the Pokémon’s Speed by two Combat Stages,Bluk Berry,150,Beauty Poffin Ingredient. Tier 1.,Flame Orb,3800,Induces burn on holder. Off-Hand Item for Trainers. Standard Action to drop.,Dive Ball,800,+0,-20 Modifier if the target was found underwater or underground.,Glue Cannon Charge Packet,100,Consumable,A charge packet for Glue Cannons.
Max Repel,400,Lasts 5 hours; causes Pokémon of level 35 or lower to flee.,Dire Hit,600,Increases Critical Hit Range of all moves by +2.,Nanab Berry,150,Cute Poffin Ingredient. Tier 1.,Focus Band,4700,"Whenever the user faints, roll 1d20. Once a Scene on a result of 16+, the holder does not faint, and is left with 1 Hit Point. Accessory Item for Trainers.",Luxury Ball,800,-5,A caught Pokémon is easily pleased and starts with a raised happiness.,Hand Net,Varies,Hands,"A long net, usually on the end of a long stick, these pieces of two-handed Equipment are usually used for bug catching or fishing. As an AC6 Status Attack, you may attempt to net a Small Pokémon using this item. If you hit, you manage to scoop up the Pokémon, trapping them. You may move with the Pokémon, dragging them with you. Pokémon may still attack from the Hand Net using long-range attacks, or try to attack the net itself, potentially breaking it and freeing themselves. Capture Rolls against Pokémon in a net receive a -20 bonus.

Hand Nets with 50 Hit Points cost $100; 100 Hit Points cost $600; and 200 Hit Points cost $1500. Nets aren’t broken until all of their Hit Points are depleted."
Chemistry Set,1000,"Used to create Repels, Potions, and other objects.",X Accuracy,600,Increases Accuracy by +2,Wepear Berry,150,Smart Poffin Ingredient. Tier 1.,Focus Sash,4700,"Once a Scene, if damage from a Move would take Focus Sash’s holder’s Hit Points from Max to 0 or less, Focus Sash’s holder instead has 1 Hit Point remaining. Accessory Item for Trainers.",Heal Ball,800,-5,A caught Pokémon will heal to Max HP immediately upon capture.,Weighted Nets,Varies,Hands,"Weighted Nets are foldable nets used for trapping Pokémon. These two-handed nets, when Equipped, can be thrown at a target as a Standard Action, as a Status Attack with an AC of 8. While a Pokémon is netted, you may pull on the rope attached to the Net to pull the Pokémon 1 Meter towards you as a Standard Action. Pokémon hit by a weighted net become Slowed as long as the net remains and cannot use Sky or Levitate Speeds except to safely lower themselves back to the ground. A Pokémon may attack the Net to attempt to break free. Capture Rolls against Pokémon in a net receive a -20 bonus.

Weighted Nets with 50 Hit Points cost $500; 80 Hit Points cost $850; and 150 Hit Points cost $1200."
Cooking Set,1000,Used by Chefs to create Snacks and Refreshments.,Guard Spec,700,Prevents reduction of Combat Stages or Accuracy on the Pokémon for 5 Turns,Pinap Berry,150,Tough Poffin Ingredient. Tier 1.,Full Incense,900,The holder gains the Stall ability. Cannot be used by Trainers.,Quick Ball,800,-20,"+5 to Modifier after 1 round of the encounter, +10 to Modifier after round 2, +20 to modifier after round 3.",Capture Styler,7500,Hands,"A Capture Styler is a Main-Hand specialized piece of equipment used by some certified Pokémon Rangers in a region. It emits a string of energy that is used in a similar fashion to a lasso but is too weak to physically restrain a target. Instead, the energy has a calming effect on Pokémon. Trainers using a Capture Styler may use Survival in place of Charm when raising the Disposition of Pokémon. 

Acquiring a Capture Styler is easy for those who become certified Pokémon Rangers; most qualified Rangers receive one as part of the job. They are not for sale to the general public, and it’s easy to assume that someone who has a Capture Styler is a Ranger."
Dowsing Rod,2000,"Dowsing Rods have been attuned to the energy resonance given off by Shards and may be used while in any route, cave, or outside area. They may be activated by spending 10 minutes searching an area, and may be activated a number of times per day equal to half of the trainer’s Occult Education Rank.

Roll 1d6 per Occult Ed Rank. If the area being searched is a beach, cave, desert, or any other sandy/rocky area, roll +1d6. If you have Skill Stunt (Dowsing), roll an additional 1d6. For each die that results in 4 or higher, you find 1 Shard of a random color: Red, Orange, Yellow, Green, Blue, or Violet. You may reroll any die that result in 6, gaining that shard and potentially more.",Bandages,300,"Bandages are applied as Extended Actions on Pokémon or Trainers. Bandages last for 6 hours; while applied, they double the Natural Healing Rate of Pokémon or Trainers, meaning a Pokémon or Trainer will heal 1/8th of their Hit Points per half hour. Bandages also immediately heal one Injury if they remain in place for their full duration.

If a Pokémon is damaged or loses Hit Points in any way, the Bandages immediately stop working.",Lum Berry,250,Cures any single status ailment. Tier 2.,Go-Goggles,1500,The user does not take damage from Sandstorm. Head Item for Trainers.,Dusk Ball,800,+0,"-20 Modifier if it is dark, or if there is very little light out, when used.",Light Shield,3000,Off-Hand,"A Shield is an Off-Hand defensive item held in one hand or braced to an arm. Light Shields grant +2 Evasion. They may be readied as a Standard Action to instead grant +4 Evasion and 10 Damage Reduction until the end of your next turn, but also cause you to become Slowed for that duration. If used Two-Handed, light shields can also function as a Small Melee Weapon."
Red Shard,--,"Associated with Fire, Fairy, & Psychic.  With Gem Lore, 4 can be combined into a Fire Stone.",Poultices,225,"Poultices are applied as Extended Actions on Pokémon or Trainers. Poultices last for 6 hours; while applied, they double the Natural Healing Rate of Pokémon or Trainers, meaning a Pokémon or Trainer will heal 1/8th of their Hit Points per half hour. Poultices also immediately heal one Injury if they remain in place for their full duration.

If a Pokémon is damaged or loses Hit Points in any way, the Poulticess immediately stop working.  Poultices are itchy and irritating to the skin and may cause loyalty loss.",Sitrus Berry,250,Restores 15 Hit Points. Tier 2.,Iron Ball,900,"The Holder’s Speed is halved, and any immunity to Ground Type is lost. Hand Item for Trainers. Standard Action to drop.",Cherish Ball,800,-5,A decorative Poké Ball often given out during special events.,Heavy Shield,4500,Off-Hand,"A Shield is an Off-Hand defensive item held in one hand or braced to an arm. Heavy Shields grant +2 Evasion and may be readied as a Standard Action to grant +6 Evasion and 15 Damage Reduction until the end of your next turn, but also cause you to become Slowed for that duration. If used Two-Handed, shields can also function as a Small Melee Weapon."
Orange Shard,--,"Associated with Normal, Fighting, & Dragon.  With Gem Lore, 4 can be combined into a Shiny Stone.",HP Up,4900,Raise the user’s HP Base Stat 1.,Figy Berry,250,"Spicy Treat, Cool Poffin Ingredient. Tier 2.",King's Rock,2500,"Attacks cause Flinch on a roll of 19+. This does not stack with any abilities, moves, or effects that extend flinch rate. Head Item for Trainers. Evolves Poliwhirl, Slowpoke.",Park Ball,800,-15,Used during Safari hunts.,Wonder Launcher,10000,Hands,"This strange and complicated two-handed machine can only be used by those that have an Expert-Level Medicine or Technology Education Skill. The wielder can spend 1 AP to activate it, and apply an X-Item at a Pokémon within 8 meters. X Items applied through the Wonder Launcher do not cause the target to forfeit any actions. Items combined by a Researcher may be used in the Wonder Launcher, and do not cause the target to forfeit any actions even if they are also a Restorative."
Yellow Shard,--,"Associated with Electric, Rock, & Steel.  With Gem Lore, 4 can be combined into a Thunder Stone.",Protein,4900,Raise the user’s Attack Base Stat 1.,Wiki Berry,250,"Dry Treat, Beauty Poffin Ingredient. Tier 2.",Lagging Items,900,"The Lagging Items are tied to a specific Stat. When held, they set that Stat to -4 Combat Stages. Cannot be used by Trainers. Standard Action to drop.",Bounce Case,800,--,"A Poké Ball in a Bounce Case may bounce once when thrown or launched, up to a distance of 3 meters. This can be used to extend the effective range of a Poké Ball, hit around obstacles, or trigger effects such as the Capture Specialist’s Curve Ball on an additional target.",Focus,6000,Accessory,"A Focus grants +5 Bonus to a Stat, chosen when crafted. This Bonus is applied AFTER Combat Stages. Focuses are often Accessory-Slot Items, but may be crafted as Head-Slot, Hand or Off-Hand Slot Items as well; a Trainer may only benefit from one Focus at a time, regardless of the Equipment Slot. Focuses are not usually found in stores, but may sometimes be found for $6000 at your GM’s discretion."
Green Shard,--,"Associated with Bug, Grass, & Ground.  With Gem Lore, 4 can be combined into a Leaf Stone.",Iron,4900,Raise the user’s Defense Base Stat 1.,Mago Berry,250,"Sweet Treat, Cute Poffin Ingredient. Tier 2.",Lagging Tail,900,The holder's Speed Stat is set to -4 Combat Stages. Cannot be used by Trainers. Standard Action to drop.,Contest Case,400,--,"Whenever a Pokémon is released from a Contest Case into a Contest, they gain 1 Appeal Point during the introduction stage.",Snag Machine,30000,Accessory,"Snag Machines are extremely illegal machines that allow trainers to steal another Trainer’s Pokémon. They come in both large, immovable varieties and smaller portable varieties. The Portable Variety is an Accessory-Slot Item. Inserting a Poké Ball into a Large Snag Machine turns it into a Snag Ball permanently, but Large Snag Machines may only turn 5 Poké Balls into Snag Balls per day. Inserting a Poké Ball into a Portable Snag Machine, which is a Swift Action, turns it into a Snag Ball after one round, but only for that round. Snag Balls have the same properties as the Poké Ball type they were before being inserted into the machine, but receive a -2 penalty on all Poké Ball attack rolls, and are capable of capturing owned Pokémon. Snag Machines cannot be bought in stores, but may sell on the black market for prices of $30,000 or more."
Blue Shard,--,"Associated with Water, Ice, & Flying.  With Gem Lore, 4 can be combined into a Water Stone.",Calcium,4900,Raise the user’s Special Attack Base Stat 1.,Aguav Berry,250,"Bitter Treat, Smart Poffin Ingredient. Tier 2.",Lagging Item (Atk),900,The holder's Attack Stat is set to -4 Combat Stages. Cannot be used by Trainers. Standard Action to drop.,Flash Case,800,--,"When a Poké Ball with a Flash Case is thrown, it uses the Move Flash originating from the spot where it landed.",Mega Ring,--,Accessory,"Mega Rings are extraordinarily rare accessories that allow a Trainer’s Pokémon to Mega Evolve when used in conjunction with a Mega Stone. They cannot be bought in stores anywhere and must usually be earned through a trial of sorts, governed by a Gym Leader or other influential Pokémon Trainer. They can take the form of a bracelet, a necklace, or an actual ring."
Violet Shard,--,"Associated with Poison, Dark, & Ghost.  With Gem Lore, 4 can be combined into a Dusk Stone.",Zinc,4900,Raise the user’s Special Defense Base Stat 1.,Iapapa Berry,250,"Sour Treat, Tough Poffin Ingredient. Tier 2.",Lagging Item (Def),900,The holder's Defense Stat is set to -4 Combat Stages. Cannot be used by Trainers. Standard Action to drop.,Lock Case,400,-10,A Lock Case grants a -10 Capture modifier to any Poké Ball. It also stops Pokémon from exiting Poké Balls unless explicitly released by their owners.,Caltrops,500,Consumable,Lets the user use the move Spikes as a Standard Action.  The item is then consumed.
Poffin Mixer,500,"A Poffin Mixer can be used by any Trainer to create Poffins. You simply insert cooking ingredients worth $500, and at least one of the listed berries. You create two Poffins that raises the Contest Stat most represented by the berries used by +1 Contest Die. Some Berries can raise multiple Contest Stats; you choose which to raise when using these Berries to make Poffins. Poffins can be purchased for $500 in bakeries.

Cheri, Figy, Razz, Spelon and Belue Berries raise Cool; Chesto, Wiki, Bluk, Spelon and Pamtre Berries raise Beauty; Pecha, Mago, Nanab, Pamtre, and Watmel Berries raise Cute; Rawst, Aguav, Wepear, Watmel, and Durin Berries raise Smart; Aspear, Iapapa, Pinap, Durin, and Belue Berries raise Tough.",Carbos,4900,Raise the user’s Speed Base Stat 1.,Liechi Berry,250,+1 Attack CS. Tier 2.,Lagging Item (SAtk),900,The holder's Special Attack Stat is set to -4 Combat Stages. Cannot be used by Trainers. Standard Action to drop.,Medicine Case,400,--,"A Medicine Case may be filled with an Antidote, Paralyze Heal, Burn Heal, Ice Heal, or Full Heal. This consumes the used item. When a Pokémon is recalled into a Poké Ball with a filled Medicine Case, the item is automatically used on the Pokémon. Filling a Medicine Case is an Standard Action. Medicine Cases may be refilled multiple times but may only have one sort of consumable in them at a time.",Toxic Caltrops,500,Consumable,Lets the user use the move Toxic Spikes as a Standard Action.  The item is then consumed.
Cool Poffin,500,"Raises Cool Contest Stat by +1 Contest Die.  Made with Cheri, Figy, Razz, Spelon and Belue Berries.",Heart Booster,9800,The Pokémon gains 2 Tutor Points. Use only one per Pokémon.,Ganlon Berry,250,+1 Defense CS. Tier 2.,Lagging Item (SDef),900,The holder's Special Defense Stat is set to -4 Combat Stages. Cannot be used by Trainers. Standard Action to drop.,Spray Case,800,--,"A Spray Case may be filled with a Pester Ball or Repel of any variety. This consumes the used item. Upon hitting a target, the Spray Case is emptied, spraying the item it was filled with onto its target, automatically hitting. This can occur when attempting to catch Pokémon (the effect is resolved before the capture roll), or when releasing a Pokémon from its Poké Ball (the effect is resolved before the Pokémon within is released). Spray Cases may be refilled numerous times, but may only have one sort of consumable in them at a time.",Dream Mist,500,Consumable,"Dream Mist may be used as an AC 6 Melee Status Attack, performed as a Standard Action. If it hits, the target falls Asleep. Dream Mist is collected from Pokémon with the eponymous Capability using a Collection Jar."
Beauty Poffin,500,"Raises Beauty Contest Stat by +1 Contest Die.  Made with Chesto, Wiki, Bluk, Spelon and Pamtre Berries.",PP Up,9800,Raise one of the user’s Move’s Frequency one level. Use only one per Pokémon.,Salac Berry,250,+1 Speed CS. Tier 2.,Lax Incense,2000,+1 to all Stat Evasions. Cannot be used by Trainers.,Devil Case,3000,--,"These dangerous and often illegal cases remove the failsafe on Poké Balls that prevents them from catching Pokémon that are at 0 Hit Points or less. It allows Poké Balls to catch Fainted Pokémon as normal, but automatically inflicts 2 Injuries when hitting a Pokémon - whether the Capture is successful or not.",Magic Flute,4000,Item,"Magic Flutes are rare artifacts made only by skilled crafters with occult knowledge. They are not usually found in stores. When a Flute is crafted, it is tied to a particular Status Condition. Once per day, the Flute may be played as a Standard Action. All Pokémon and Trainers within 20 meters of the Flute are cured of that Status. These rare artifacts cannot be found in most ordinary stores but may cost upwards of $4000 from an appropriate occult vendor."
Cute Poffin,500,"Raises Cute Contest Stat by +1 Contest Die.  Made with Pecha, Mago, Nanab, Pamtre, and Watmel Berries.",Heart Scale,--,Can be used to make Heart Boosters.,Petaya Berry,250,+1 Special Attack CS. Tier 2.,Life Orb,3700,"Whenever the holder deals direct damage, increase the damage by +5, and then the holder loses Hit Points equal to 1/16th of their Max Hit Points. Off-Hand Item for Trainers.",Storage Case,15000,--,"These extremely useful cases are capable of “Capturing” non-living matter. Once applied to a Poké Ball, Storage Cases cannot be removed. The object or objects in question must be smaller than 2 meters in any dimension. A single Storage Case can capture several discrete objects, but they must all be supported by a single surface; a 2x2 meter rug or mat is often used for this purpose. Capture Rolls against inanimate objects automatically succeed. Poké Balls with Storage Cases count towards the total number of Pokémon that the trainer can carry. Storage Cases are often illegal due to their uses in smuggling and theft.",Pester Balls,350,Consumable,"Pester Balls are small balls full of chemicals that come in six varieties, each of which inflicts a different Status Affliction when they hit a target. The Status Afflictions they can cause are: Rage, Confusion, Burn, Poison, Paralysis, and Sleep.

After being hit by any Pester Ball, a target becomes immune to the effects of further Pester Balls for 1 hour. Throwing and hitting with Pester Balls is the same as with Poké Balls."
Smart Poffin,500,"Raises Smart Contest Stat by +1 Contest Die.  Made with Rawst, Aguav, Wepear, Watmel, and Durin Berries.",Rare Candy,9800,"These very rare treats are created from Shuckles that have held a Berry for a long time. When ingested by a Pokémon, the eater gains enough experience to reach its next Level. Pokémon may benefit from up to five Rare Candies in their lifetime.",Apicot Berry,250,+1 Special Defense CS. Tier 2.,Luck Incense,1800,Grants +1 Bonus to all Accuracy Rolls. A roll of 1 always misses. Cannot be used by Trainers.,Zap Case,1500,--,"Whenever a Poké Ball with a Zap Case hits a target it deals damage as if using a Struggle Attack. This Damage is Electric-Typed. If the Ball is already used as a Struggle Attack (such as with Curve Ball), then the Zap Case changes the damage to Electric-Type and adds bonus damage equal to twice the user’s Technology Education skill. When attempting to catch Pokémon, damage is resolved before the capture roll. This can also be used when releasing a Pokémon (damage is resolved before the Pokémon is released).",Pester Ball: Rage,350,Consumable,"Inflicts Rage on the target. After being hit by any Pester Ball, a target becomes immune to the effects of further Pester Balls for 1 hour. Throwing and hitting with Pester Balls is the same as with Poké Balls."
Tough Poffin,500,"Raises Tough Contest Stat by +1 Contest Die.  Made with Aspear, Iapapa, Pinap, Durin, and Belue Berries.",Stat Suppressants,500,These medicines have an identical effect to the Suppressant Berries – they lower one of the user’s Base Stats by 1 point and only function if the Trainer of the Pokémon wants them to.,Lansat Berry,250,Increases Critical Range by +1 for the remainder of the encounter. Tier 2.,Quick Claw,4200,The user adds +10 to their Initiative. Accessory Item for Trainers.,Bait Attachment,300,--,"These attachments afix a piece of bait to the triggering device of a Poké Ball. When the bait is taken, the attachment automatically triggers a capture attempt along with any effect that would be caused by a Poké Ball Cases.",Pester Ball: Confusion,350,Consumable,"Inflicts Confusion on the target. After being hit by any Pester Ball, a target becomes immune to the effects of further Pester Balls for 1 hour. Throwing and hitting with Pester Balls is the same as with Poké Balls."
Poké Ball Tool Box,500,These tool boxes let those with the know-how craft and repair Poké Balls.,HP Suppressant,500,Lowers HP stat by 1 if trainer allows it.,Starf Berry,250,+2 CS to a random Stat. May be used only at 25% HP or lower. Tier 2.,Razor Claw,3000,The holder’s damaging attacks have their Critical Hit Range extended by +1. Evolves Sneasel.,Camera Kit,1200,--,"A small camera, microphone, and speaker set affixed to the outside of a Poké Ball or Case. These allow a Trainer to remotely release and command their Pokémon or attempt to capture a Pokémon.",Pester Ball: Burn,350,Consumable,"Inflicts Burn on the target. After being hit by any Pester Ball, a target becomes immune to the effects of further Pester Balls for 1 hour. Throwing and hitting with Pester Balls is the same as with Poké Balls."
Portable Grower,2000,"Portable Growers can be used to grow berries and herbs. Portable Growers protect the plants within them from external weather, and never need to be fertilized. Each Grower holds one plant.",Attack Suppressant,500,Lowers Attack stat by 1 if trainer allows it.,Enigma Berry,250,User gains Temporary HP equal to 1/6th of their Max HP when hit by a Super Effective Move. Tier 2.,Razor Fang,3000,The holder’s damaging attacks cause an Injury on a roll of 19+. Accessory Item for Trainers. Evolves Gligar.,Poké Ball Alarm,1000,--,"A belt with six slots for Poké Balls. Poké Balls affixed to the belt are locked in place with a number pad password to unlock them. Tampering with the belt triggers the password prompt, and failure to input the correct password within a minute triggers a loud alarm system.",Pester Ball: Poison,350,Consumable,"Inflicts Poison on the target. After being hit by any Pester Ball, a target becomes immune to the effects of further Pester Balls for 1 hour. Throwing and hitting with Pester Balls is the same as with Poké Balls."
Mulch,200,Mulch may be used to temporarily increase soil Quality; it may be applied to a Plant to increase the Soil Quality of a plant by +1 for the following day. This cannot make a Soil Quality go above +2.,Defense Suppressant,500,Lowers Defense stat by 1 if trainer allows it.,Micle Berry,250,Increases Accuracy by +1. Tier 2.,Safety Goggles,1500,The holder is immune to Moves with the Powder Keyword. Accessory or Head Item for Trainers.,Poké Ball Tracking Chip,200,--,"A chip embedded in the inner workings of the Poké Ball that emits a signal allowing the Ball’s owner to remotely track the location of the Ball. Depending on the setting, these may be built in by default.",Pester Ball: Paralysis,350,Consumable,"Inflicts Paralysis on the target. After being hit by any Pester Ball, a target becomes immune to the effects of further Pester Balls for 1 hour. Throwing and hitting with Pester Balls is the same as with Poké Balls."
Egg Warmer,2500,Egg Warmers are insulated cases that carry up to four Pokémon Eggs and protect them from harm. They also cause Pokémon to hatch twice as fast; each day spent in an Egg Warmer counts as 2 days for the purposes of Hatch Rate.,Special Attack Suppressant,500,Lowers Special Attack stat by 1 if trainer allows it.,Jaboca Berry,250,Foe dealing Physical Damage to the user loses 1/8 of their Maximum HP. Tier 2.,Shell Bell,5200,"Whenever the user damages a foe, they gain a Tick of Temporary Hit Points. Accessory Item for Trainers.",Power Ball,--,+0,-20 Modifier if the target is under level 10.  Target gains 1d4 levels upon capture.,Pester Ball: Sleep,350,Consumable,"Causes the target to fall asleep. After being hit by any Pester Ball, a target becomes immune to the effects of further Pester Balls for 1 hour. Throwing and hitting with Pester Balls is the same as with Poké Balls."
Groomer's Kit,500,Used by Trainers with the Groomer Edge to clean their Pokémon.,Special Defense Suppressant,500,Lowers Special Defense stat by 1 if trainer allows it.,Rowap Berry,250,Foe dealing Special Damage to the user loses 1/8 of their Maximum HP. Tier 2.,Shock Collar,3500,"Comes with a remote activator, which when pressed, causes the Pokémon or Trainer wearing the shock collar to lose Hit Points equal to 1/6th of their Max Hit Points. This may be used to activate the “Press” Feature. Collars that work on Ground Type Pokémon are available for an additional $500.",Earth Ball,--,+0,-20 Modifier if the target is Grass or Ground type.,Smoke Ball,500,Consumable,"When used, a Smoke Ball creates a 3 meter blast that fills the area with smoke, as if the move Smokescreen had been used. Smoke Balls can only be found in specialty shops."
Reanimation Machine,Varies,"Can be used to revive Fossils. Reanimation Machines also come in a smaller but more expensive Portable variety. Prices are up to GM discretion, often upwards of $10,000. See the Pokémon Fossils section for more details (page 216).",Speed Suppressant,500,Lowers Speed stat by 1 if trainer allows it.,Cornn Berry,250,Cures Disabled condition. Tier 2.,Stat Boosters,4000,"These items have a chosen Stat, either Attack, Defense, Special Attack, Special Defense, Speed, Evasion, or Accuracy. These items cause the default Stage of their linked Stat to be +1 Combat Stage instead of 0, or simply +1 for Accuracy and Evasion. Accessory Item for Trainers.",Haunt Ball,--,+0,-20 Modifier if the target is Dark or Ghost type.,Cleanse Tag,500,Consumable,"Small strips of paper with a prayer/incantation written on them. When created, the creator makes an Occult Ed Roll; this is the Cleanse Tag’s Power Value. When glued, taped, or nailed to a surface, they stop Pokémon or Trainers within 30m of the tag from Phasing through that surface unless they make a Focus check with a result exceeding the Tag’s Power Value. On a success, the tag is destroyed; on failure, the tag holds, and the encroacher cannot try again for at least an hour.

Tags may be stuck onto a weapon or appendage to let a Normal or Fighting-Type Attack hit a Ghost-Type Pokémon for neutral Damage; Tag is destroyed once damage is dealt.

Novice Occult Ed: Can burn tag as a Standard Action to remove Cursed, Suppressed, or Disabled condition from a single target within 5m.
Expert Occult Ed: Can burn tag to cause all with Invisibility and Phasing capabilities to make a Focus check; if result does not exceed tag's power value, capabilities lost for 5 min"
Super Bait,200,"Super Bait is a tasty, strong-smelling morsel of food designed to attract Pokémon. It may be used in two ways; to lure Pokémon, or to distract Pokémon.

To lure Pokémon, set the super bait on a route. Every 15 minutes thereafter, roll 1d20+Intuition Rank until you roll 15 or higher. If you roll 3 times without success, the super bait loses its potency and fails. If you succeed however, a random Pokémon will appear. Super bait is often used for Fishing in this way.
To distract Pokémon, throw it at a Wild Pokémon as a Standard Action. The target must then make a Focus Roll with a DC of 12. If they fail, the Pokémon gives up its next Standard Action to eat the food.",Anti-Radiation Pills,400,"An advanced version of the real life potassium iodide pills. These not only protect the thyroid but instead guard against all forms of radiation poisoning, granting the user Hazard Immunity for radioactive environments only for 24 hours.",Magost Berry,250,Cures Enraged condition. Tier 2.,Attack Booster,4000,The default state of the holder's Attack Stat is +1 Combat Stage. Accessory Item for Trainers.,Solid Ball,--,+0,-20 Modifier if the target is Rock or Steel type.,Poké Ball Cannon,4500,Main + Off Hand,Increases Poké Ball and Pester Ball accuracy by +1 and range to 15 meters. Balls deal 2d6 unreducible damage upon hitting a target. Balls take a Shift Action to ready in the Poké Ball Cannon.
Vile Bait,200,"Vile Bait is a strong-smelling morsel of food designed to attract Pokémon. Pokémon that eat it are poisoned.

To lure Pokémon, set the vile bait on a route. Every 15 minutes thereafter, roll 1d20 until you roll 15 or higher. If you roll 3 times without success, the vile bait loses its potency and fails. If you succeed however, a random Pokémon will appear. Vile bait is often used for Fishing in this way.
To distract Pokémon, throw it at a Wild Pokémon as a Standard Action. The target must then make a Focus Roll with a DC of 12. If they fail, the Pokémon gives up its next Standard Action to eat the food.",Prescient Powder,2500,An illegal and dangerous substance produced by desert-dwelling Steelix. Taking the drug inflicts 3 injuries on the user and allows them to use either a Scry or Augury once. The user also gains the Psychic Navigator Edge for two hours. Habitual use of the drug can lead to addiction and health problems.,Rabuta Berry,250,Cures Suppressed condition. Tier 2.,Defense Booster,4000,The default state of the holder's Defense Stat is +1 Combat Stage. Accessory Item for Trainers.,Heat Ball,--,+0,-20 Modifier if the target is Electric or Fire type.,Hazmat Suit,3500,Body + Head,Acts as a Gas Mask but also grants the Hazard Immunity capability and immunity to non-damaging Poison Type Moves.
Study Manual [5-15 Playtest],1000,"A Study Manual is always assigned to a single Skill and covers a specific narrow field that can be taken as a Skill Stunt.

Rank 1 - Novice General Education: You gain a Skill Stunt in the associated Skill of the Study Manual covering the narrow field specified by the Study Manual.
Rank 2 - Expert General Education: You gain a general +2 Bonus to the associated Skill. This Bonus does not stack with other bonuses from Books or Equipment to the same Skill.",Berserker Bolus,500,"A combat drug used by street gangs. Immediately inflicts 1 injury on the user upon taking it, but for the duration of the Scene, the user is immune to Flinch effects, gains a +2 bonus to Save Rolls, and adds 5 to all Damage Rolls. However, they are Enraged and may not make Save Rolls to end the effect until all combat ceases for at least a few minutes.",Nomel Berry,250,Cures Infatuated condition. Tier 2.,S Attack Booster,4000,The default state of the holder's Special Attack Stat is +1 Combat Stage. Accessory Item for Trainers.,Mystic Ball,--,+0,-20 Modifier if the target is Dragon or Psychic type.,Spacesuit,8000,Body + Head,Grants Vacuum Immunity and Free Floating 4. Weighs 200 pounds and is thus difficult for most Trainers to use in normal gravity. A Robotic Age upgraded version costing an extra $2000 confers Hazard Immunity too and weighs only 100 pounds instead.
The Joy of Cooking [5-15 Playtest],1000,"A cookbook for novice and experienced chefs alike.

Rank 1 - Novice General Education: Your material costs for crafting Food Items of any variety are reduced by 10%.
Rank 2 - Expert General Education: Meal and Refreshment Items you create cause whoever eats them to gain a Tick of Hit Points.",Locus Lozenge,500,A drug to help the user focus on a single task. The user gains a +3 bonus to Focus and Intuition checks for the next hour but suffers a -4 penalty to Perception checks to notice outside events.,Spelon Berry,250,Cool or Beauty Poffin Ingredient. Tier 2.,S Defense Booster,4000,The default state of the holder's Special Defense Stat is +1 Combat Stage. Accessory Item for Trainers.,Air Ball,--,+0,-20 Modifier if the target is Flying or Ice type.,Thermal Goggles,1000,Head,"Allows you to see in the IR spectrum, enabling you to easily pick out a person or Pokémon in camouflage or to identify sources of heat."
How Berries?? [5-15 Playtest],1000,"A beginner’s guide to the proper care of berry plants.

Rank 1 - Adept General Education: Once per day when making a Yield Roll, add +1 to the result.
Rank 2 - Expert General Education: You may create Mulch from Food Scrap.",Oxygenation Vial,500,"These vials contain a solution of oxygen-encasing lipids that are injected directly into the bloodstream. One injection is enough to allow the user to go without breathing for up to thirty minutes. Subsequent injections extend the effect, but each one after the first in a 24 hour period causes the user to take one injury as their body suffers complications from the imbalance caused by the solution. These are often carried as a last resort device for astronauts and deep sea divers, as well as used by EMTs to stabilize patients.",Pamtre Berry,250,Cute or Beauty Poffin Ingredient. Tier 2.,Speed Booster,4000,The default state of the holder's Speed Stat is +1 Combat Stage. Accessory Item for Trainers.,Mold Ball,--,+0,-20 Modifier if the target is Poison or Fighting type.,Handheld Propellor,3500,Off-Hand,Increases Swim speed by +3.
First Aid Manual [5-15 Playtest],1000,"A training manual given to all EMTs.

Rank 1 - Novice Medicine Education: You gain a +10 Bonus to Medicine Education Checks made to use a First Aid Kit.
Rank 2 - Expert Medicine Education: You may use the First Aid Expertise Feature once per day.",Puissance Pellet,450,"This painkiller and adrenaline injection lets the user temporarily ignore their debilitating injuries. A user with 5 or more injuries does not suffer Hit Point loss equal to their number of injuries when taking Standard Actions. If you are using the optional rule to decrease combat stages for each Injury, the user ignores these combat stage losses. This effect lasts for 5 turns, and at the end of the effect, the user automatically takes another injury.",Watmel Berry,250,Cute or Smart Poffin Ingredient. Tier 2.,Accuracy Booster,4000,Grants the holder +1 Accuracy. Accessory Item for Trainers.,Gossamer Ball,--,+0,-20 Modifier if the target is Normal or Fairy type.,Lifting Frame,3000,Main + Off Hand,A mechanized frame worn over each arm with motorized muscles. Grants +2 to Power Capability. The frames are too unwieldy to use other equipment such as weapons while wearing them.
Traditional Medicine Reference [5-15 Playtest],1000,"A volume dedicated to properly preparing herbal medications. See PTU May 2015 Playtest Packet - Miscellaneous Errata for Herbal Restorative errata.

Rank 1 - Adept Medicine Education: Targets you administer Herbal Restoratives to do not lose Combat Stages no matter how many Herbal Restoratives they’ve had in the same day.
Rank 2 - Expert Medicine Education: Whenever you administer an Herbal Restorative to a target, they may choose to gain the Food Buff associated with Herbal Restoratives, regardless of how many Herbal Restoratives they’ve used this day.",Rambo Roids,750,"The user treats their Power Capability as increased by 2 for the next hour. However, each time they lift an object or perform a feat of strength beyond their normal means, they must make an Athletics check with a DC of 12. If they fail, they take an Injury immediately. Each such feat of strength induces a cumulative -1 penalty to these Athletics checks.",Durin Berry,250,Smart or Tough Poffin Ingredient. Tier 2.,Evasion Booster,4000,Grants the holder +1 Evasion. Accessory Item for Trainers.,Fabulous Ball,--,-5,"The captured Pokémon gains +2 dice in the Contest Stat that corresponds to the Stat boosted by their Nature. If the Stat boosted is HP, choose any two Contest Stats except the one corresponding to the lowered Stat and raise them by 1 die each. As a reminder, Beauty=SpAtk, Cool=Attack, Cute=Speed, Smart=SpDef, Tough=Def.",Extendable Grabby Arm,750,Main Hand,A dexterous and flexible arm with a hand at the end. Can be used to grab and manipulate objects from 3 meters away.
Caretaker's Manual [5-15 Playtest],1000,"An invaluable guide to patient care with wide appeal and praised by both nurses and rangers.

Rank 1 - Adept Medicine Education: Once per Scene, you may assist an adjacent ally in Taking a Breather as a Standard Action, and they do not Shift or become Tripped as part of this action. If the target is Confused or Enraged, you may roll Medicine Education instead of Command to assist them.
Rank 2 - Master Medicine Education: This effect can only be bound while taking an Extended Rest and Drains AP for the next day. During this Extended Rest, Pokémon and Trainers in your care heal twice as many Hit Points while resting, heal Injuries twice as quickly, and may heal an additional Injury per day. This stacks with use of Bandages.",Shock Syringe,500,"This drug enhances the sensitivity of the user’s nerves, enhancing their perception and making it incredibly useful for scouts and recon missions. However, the enhanced sense of touch greatly lowers the user’s pain tolerance. The user gains a +3 bonus to Perception, Focus, and Guile and a +1 bonus to Accuracy. However, each time the user takes an Injury, they are Flinched. The effects of Shock Syringe last for an hour.",Belue Berry,250,Cool or Tough Poffin Ingredient. Tier 2.,Toxic Orb,4800,Induces Poison on holder. Off-Hand Item for Trainers. Standard Action to drop.,Learning Ball,--,-5,"The captured Pokémon immediately learns their next level-up Move, as long as it is within 8 levels of their current level.",Thermal Dampening Suit,2000,Body,The user is invisible to thermal imaging gear.
Dowsing for Dummies [5-15 Playtest],1000,"A favorite of rock collectors everywhere, this book teaches the user how to attune their dowsing rods.

Rank 1 - Novice Occult Education: Roll +1d6 when searching for Shards.
Rank 2 - Adept Occult Education: When you begin searching for Shards, you may choose to expend an additional activation of Dowsing for the day. If you do, choose a Shard Color; all the Shards you find during this search will be of the chosen Color.",Soldier Pill,750,"A potentially dangerous stimulant that provides the user enough energy to go 24 hours without sleep. Upon taking the pill twice in a 48 hour period, the user begins to take 1 injury every 2 hours until they choose to go to sleep. The user of a Soldier Pill gets a +3 bonus to rolls to wake up from Sleep.",Leppa Berry,500,Restores a Scene Move. Tier 3.,Type Boosters,1800,"These items come in a variety of each of the Elemental Types, and grants a +5 Damage Bonus to all direct damage Moves of its Specific Type when performed by the user. Accessory Item for Trainers.",Sun Ball,--,+0,-20 Modifier if the weather is sunny when used.,Treecko Gear,3500,"Main + Off Hand, Feet",Grants the Wallclimber capability.
How To Avoid Being Spooked [5-15 Playtest],1000,"A questionable old tome filled with Ghost-related esoterica.

Rank 1 - Adept Occult Education: While holding a Cleanse Tag in your Main or Off-Hand Equipment Slot, you can see Pokémon and Trainers using the Invisibility Capability.
Rank 2 - Expert Occult Education: While holding a Cleanse Tag in your Main or Off-Hand Equipment Slot, you are immune to the Cursed Status Affliction.",Spritz Spray,250,A drug that improves reflexes at the cost of mental focus. The user of Spritz gains +5 initiative and +1 Evasion for the next 5 rounds of combat but suffers a -3 penalty to Perception and Focus checks for the next hour.,Pomeg Berry,500,Lowers HP stat by 1 with trainer permission. Tier 3.,Bug Booster,1800,Grants a +5 Damage Bonus to all direct-damage Bug Moves used by the holder. Accessory Item for Trainers.,Rain Ball,--,+0,-20 Modifier if the weather is rainy when used.,Pheromone Emitter,2000,Accessory,Emits pheromones as a Swift Action that give a +4 bonus to a Charm or Intimidate check against wild Pokémon. Requires a Pheromone Cartridge to use. Comes with 1 Cartridge. More can be bought for 250 apiece.
Tinfoil Gospel: Your Primer on Thwarting the Conspiracies of the New World Order [5-15 Playtest],1000,"An even more questionable tome, filled with laughable conspiracy theories. Its mental exercises are strangely effective, however.

Rank 1 - Novice Occult Education: You gain the Iron Mind Edge and the Skill Stunt - Focus (resisting Telepathy).
Rank 2 - Expert Occult Education: Your Aura becomes muddled and difficult to read. Pokémon and Trainers with the Aura Reader Capability cannot discern the tint of your Aura and must succeed on an opposed Intuition or Focus Check vs your Occult Education or Focus in order to read the hue of your Aura. Upon failure, they may not attempt to read your Aura again for the remainder of the Scene.",White Light,800,"So named for the soft white glow the liquid gives off, White Light is a crude “truth serum”. It is slow-acting, taking upwards of an hour to take full effect on a victim. The victim becomes more suggestible and gullible. All of their Guile, Intuition, and Focus Checks made during an interrogation are subject to a -5 penalty.",Kelpsy Berry,500,Lowers Attack stat by 1 with trainer permission. Tier 3.,Dark Booster,1800,Grants a +5 Damage Bonus to all direct-damage Dark Moves used by the holder. Accessory Item for Trainers.,Hail Ball,--,+0,-20 Modifier if the weather is hailing when used.,Pheromone Cartridge,250,Consumable,A cartridge for the Pheromone Emitter.
Type Study Manual [5-15 Playtest],1000,"These Books focus on one particular Pokemon Type.

Rank 1 - Novice Pokémon Education: You gain a -5 Bonus on Capture Checks against the studied Type.
Rank 2 - Expert Pokémon Education: When you apply Experience Training, you may choose to give one of your Pokémon of the studied Type +10 Bonus Experience. The same Pokémon cannot be chosen two days in a row.",,,,Qualot Berry,500,Lowers Defense stat by 1 with trainer permission. Tier 3.,Dragon Booster,1800,Grants a +5 Damage Bonus to all direct-damage Dragon Moves used by the holder. Accessory Item for Trainers.,Sand Ball,--,+0,-20 Modifier if the weather is a sandstorm when used.,Sonic Filter,2500,Accessory,"Creates a portable field of directed white noise with a 2 meter radius when activated. Anyone within can hold a conversation normally, but anyone outside the field just hears static coming from the direction of the wearer. Moves with the Sonic Keyword aimed at a target within the field require 2 more on Accuracy Roll to hit."
Pokémon Daycare Licensing Guide [5-15 Playtest],1000,"This book teaches advanced Pokémon Breeding techniques.

Rank 1 - Adept Pokémon Education: When Breeding Pokémon of this Book’s Egg Group, you may choose which parent’s species the Egg is of.
Rank 2 - Master Pokémon Education: When hatching Eggs of Pokémon of this Book’s Egg Group, the hatched Pokémon learns their first Inheritance Move at Level 10 instead of Level 20.",,,,Hondew Berry,500,Lowers Special Attack stat by 1 with trainer permission. Tier 3.,Electric Booster,1800,Grants a +5 Damage Bonus to all direct-damage Electric Moves used by the holder. Accessory Item for Trainers.,,,,,Mind Aegis,4000,Head,"Grants a +6 bonus to Focus checks to resist Telepathy. If the wearer has the Iron Mind Edge, Mind Aegis grants the Mindlock capability instead."
Fishing 101 [5-15 Playtest],1000,"A good way to waste an afternoon sitting at the side of a boat.

Rank 1 - Novice Survival: You gain the Snare Capture Technique, but it only applies to Pokémon you have fished up.
Rank 2 - Adept Survival: Whenever you fish up a Pokémon, choose two Combat Stats. That Pokémon becomes Flinched and loses 1 Combat Stage in each of the chosen Stats.",,,,Grepa Berry,500,Lowers Special Defense stat by 1 with trainer permission. Tier 3.,Fairy Booster,1800,Grants a +5 Damage Bonus to all direct-damage Fairy Moves used by the holder. Accessory Item for Trainers.,,,,,Scrubbing Spray,3500,Off-Hand,"Sprays a chemical agent over an area that destroys most forensic evidence, such as trace biomatter. Perception checks to track someone or to search for forensic evidence take a -6 penalty. Requires a Scrub Cartridge to use. Comes with 1 Cartridge. More can be bought for 300 apiece."
A Field Guide to Fungi [5-15 Playtest],1000,"This book tells you which mushrooms are good to eat and which ones will give you a bad trip.

Rank 1 - Novice Survival: You automatically identify all Tiny Mushrooms, Big Mushrooms, and Balm Mushrooms you pick. Whenever you or your Pokémon consume one of those Mushrooms, they ignore the negative effect of the Mushroom (Hit Point loss, Poison, Combat Stage loss).
Rank 2 - Adept Survival: You can create the Hearty Meal Chef Recipe as an Extended Action but only by using Mushrooms as ingredients.",,,,Tamato Berry,500,Lowers Speed stat by 1 with trainer permission. Tier 3.,Fighting Booster,1800,Grants a +5 Damage Bonus to all direct-damage Fighting Moves used by the holder. Accessory Item for Trainers.,,,,,Scrub Cartridge,300,Consumable,A cartridge for Scrubbing Spray.
Travel Guide [5-15 Playtest],1000,"A Travel Guide covers a specific location, such as a mountain or a pair of routes in the wilderness. Travel Guides are usually written for the more popular destinations in a region, but they might not necessarily exist for more obscure and out of the way locations.

Rank 1 - Novice Survival: You gain the following Skill Stunts while traveling in the studied location: Survival (Foraging) and Survival (Navigation).
Rank 2 - Expert Survival: You and your Pokémon do not take damage from naturally occurring Weather effects in the studied location.",,,,Occa Berry,500,Weakens foe’s super effective Fire-type move. Tier 3.,Fire Booster,1800,Grants a +5 Damage Bonus to all direct-damage Fire Moves used by the holder. Accessory Item for Trainers.,,,,,Universal Translator,10000,Head,You understand any spoken language recognized by the Universal Translator and can speak into it and have your words translated immediately. Usually programmed with all of the major human languages. Can be used to speak with Pokémon.
The Anarchist Cookbook [5-15 Playtest],1000,"The simple act of owning this book isn’t illegal, but carrying out its suggestions might be.

Rank 1 - Novice Technology Education: Whenever you apply a Repel to a target, they become Blinded until the end of their next turn. This may only affect a target once per Scene.
Rank 2 - Expert Technology Education: Whenever you hit a target with a Repel or Pester Ball, they lose Hit Points equal to your Technology Education Rank.",,,,Passho Berry,500,Weakens foe’s super effective Water-type move. Tier 3.,Flying Booster,1800,Grants a +5 Damage Bonus to all direct-damage Flying Moves used by the holder. Accessory Item for Trainers.,,,,,Gravity Modulation Suit,4000,Body,You may treat the local gravity as if it were 1 lower or 1 higher. Changing the setting on the suit is an At-Will Extended Action requiring time for the suit to adjust to the new settings.
Poké Ball Technical Manual [5-15 Playtest],1000,"Your all-in-one guide to balls.

Rank 1 - Novice Technology Education: Your material costs for crafting Poke Balls of any variety are reduced by 10%.
Rank 2 - Expert Technology Education: Poke Balls you craft gain a +2 Bonus to Accuracy Rolls.",,,,Wacan Berry,500,Weakens foe’s super effective Electric-type move. Tier 3.,Ghost Booster,1800,Grants a +5 Damage Bonus to all direct-damage Ghost Moves used by the holder. Accessory Item for Trainers.,,,,,Pokéradar,5000,Off-Hand,"Contrary to its name, this handheld device actually detects both human and Pokémon lifesigns in a 20 meter radius and can display their relative location to you on a screen. No information is given about specific species."
DIY Engineering [5-15 Playtest],1000,"Duct tape not included.

Rank 1 - Novice Technology Education: Your material costs for crafting items crafted from Mechanical Scrap are reduced by 10%.
Rank 2 - Expert Technology Education: Whenever you Scrap an Item you created, you gain Scrap worth 75% of its monetary cost instead of only 50%.",,,,Rindo Berry,500,Weakens foe’s super effective Grass-type move. Tier 3.,Grass Booster,1800,Grants a +5 Damage Bonus to all direct-damage Grass Moves used by the holder. Accessory Item for Trainers.,,,,,X-Ray Goggles,8000,Head,Grants the user the X-Ray Vision Capability.
Combat Medic's Primer [9-15 Playtest],1000,"Rank 1 – Novice Medicine Education: After taking a Sprint Maneuver, you may apply a Restorative Item on an adjacent target as a Swift Action.
Rank 2 – Expert Medicine Education: Once per Scene as a Standard Action, you may target an adjacent ally. The target may immediately Take a Breather as a Full-Action Interrupt if they wish. They do not Shift and do not become Tripped as part of this action. If the target is Confused or Enraged, you must make a Medicine Education Check with a DC of 12 for them to be able to Take a Breather.",,,,Yache Berry,500,Weakens foe’s super effective Ice-type move. Tier 3.,Ground Booster,1800,Grants a +5 Damage Bonus to all direct-damage Ground Moves used by the holder. Accessory Item for Trainers.,,,,,Dimensional Field Analyzer,5000,Item,A handheld device the size of a Geiger counter for campaigns featuring time travel or interdimensional travel of some other sort. This device can be calibrated to recognize a ‘home’ universe or timeline and can measure the amount of difference between a parallel universe and that home universe.
,,,,,,Chople Berry,500,Weakens foe’s super effective Fighting-type move. Tier 3.,Ice Booster,1800,Grants a +5 Damage Bonus to all direct-damage Ice Moves used by the holder. Accessory Item for Trainers.,,,,,Anomaly Detector,2150,Item,"When pointed at a person, Pokémon, or object, this handheld device can determine whether or not it belongs to this timeline or parallel universe. It gives no indication to the nature of the home universe, however."
,,,,,,Kebia Berry,500,Weakens foe’s super effective Poison-type move. Tier 3.,Normal Booster,1800,Grants a +5 Damage Bonus to all direct-damage Normal Moves used by the holder. Accessory Item for Trainers.,,,,,Glitch Detection Crystal,800,Accessory,A crystal necklace which begins to display pixelated effects and static when near Glitch phenomena. Pixellation and static effects intensify proportionally to proximity to the phenomena.
,,,,,,Shuca Berry,500,Weakens foe’s super effective Ground-type move. Tier 3.,Poison Booster,1800,Grants a +5 Damage Bonus to all direct-damage Poison Moves used by the holder. Accessory Item for Trainers.,,,,,EMP Grenade,800,Consumable,Throwing an EMP Grenade is an AC 5 Ranged Blast 3 attack that can be made at a target within your Poké Ball throwing range. All legal targets with Augmentations immediately suffer the effects of Augmentation Shock. EMP Grenades flinch targets with Augmentations on a roll of 18+ on Accuracy Check. EMP Grenades disable Pokébots for 1d2 turns.
,,,,,,Coba Berry,500,Weakens foe’s super effective Flying-type move. Tier 3.,Psychic Booster,1800,Grants a +5 Damage Bonus to all direct-damage Psychic Moves used by the holder. Accessory Item for Trainers.,,,,,Flashbang,250,Consumable,"Throwing a Flashbang uses the Move Flash originating from the point where you threw the Flashbang, up to your maximum Poké Ball throwing range. When used in this way, Flash flinches all legal targets on 19-20 on Accuracy Check."
,,,,,,Payapa Berry,500,Weakens foe’s super effective Psychic-type move. Tier 3.,Rock Booster,1800,Grants a +5 Damage Bonus to all direct-damage Rock Moves used by the holder. Accessory Item for Trainers.,,,,,Sting Grenade,250,Consumable,"Throwing a Sting Grenade is an AC 4 Ranged Blast 3 attack that can be made at a target within your Poké Ball throwing range. Upon connecting, the Sting Grenade releases dozens of hard rubber balls around it, causing pain to the targets but no damage. Those targets take a -3 penalty to all rolls and to their evasion until the start of your next turn."
,,,,,,Tanga Berry,500,Weakens foe’s super effective Bug-type move. Tier 3.,Steel Booster,1800,Grants a +5 Damage Bonus to all direct-damage Steel Moves used by the holder. Accessory Item for Trainers.,,,,,Zap Blaster,1000,Hands,Uses the Move Zap Cannon once.
,,,,,,Charti Berry,500,Weakens foe’s super effective Rock-type move. Tier 3.,Water Booster,1800,Grants a +5 Damage Bonus to all direct-damage Water Moves used by the holder. Accessory Item for Trainers.,,,,,Inferno Cannon,1000,Hands,Uses the Move Inferno once.
,,,,,,Kasib Berry,500,Weakens foe’s super effective Ghost-type move. Tier 3.,Type Brace,2000,"These items come in a variety of each of the Elemental Types, and grant the holder 15 Damage Reduction against that specific Type. Accessory Item for Trainers.",,,,,Ablative Heavy Armor,14500,Body,"A weighty but brittle armor that is self-repairing. Grants 20 Damage Reduction, but each damaging attack removes 5 Damage Reduction from the armor. Every five minutes, the armor repairs 5 Damage Reduction. The user’s Speed Combat Stage defaults to -1."
,,,,,,Haban Berry,500,Weakens foe’s super effective Dragon-type move. Tier 3.,Bug Brace,2000,Grants the holder 15 Damage Reduction against all direct-damage Bug Moves. Accessory Item for Trainers.,,,,,Flame Retardant Armor,5000,Body,You gain 10 Damage Reduction against Fire Type damage.
,,,,,,Colbur Berry,500,Weakens foe’s super effective Dark-type move. Tier 3.,Dark Brace,2000,Grants the holder 15 Damage Reduction against all direct-damage Dark Moves. Accessory Item for Trainers.,,,,,Mesh Shielding,8000,Body,"An advanced anti-conductive fabric woven into a stiff jacket designed to shield sensitive electronics from damage and electrical shock. You gain 5 Damage Reduction against Electric Type damage. Whenever you would suffer Augmentation Shock, roll 1d2. On a 1, you suffer no ill effects."
,,,,,,Babiri Berry,500,Weakens foe’s super effective Steel-type move. Tier 3.,Dragon Brace,2000,Grants the holder 15 Damage Reduction against all direct-damage Dragon Moves. Accessory Item for Trainers.,,,,,Reinforced Trenchcoat,10000,Body,A stylish utility version of Light Armor. Grants 5 Damage Reduction and provides a +4 bonus to Stealth checks to conceal weapons and prevents their detection by metal detectors.
,,,,,,Chilan Berry,500,Weakens foe’s Normal-type move. Tier 3.,Electric Brace,2000,Grants the holder 15 Damage Reduction against all direct-damage Electric Moves. Accessory Item for Trainers.,,,,,Sensor Disruption Vest,2000,Body,The specially designed material of this vest wreaks havoc with the sensors used on most Pokébot models and Eye Augmentations. Pokébots and any Trainers or Pokémon with an Eye Augmentation suffer a -2 penalty to their single target Accuracy Checks made against the wearer.
,,,,,,Roseli Berry,500,Weakens foe’s supereffective Fairy-type move. Tier 3.,Fairy Brace,2000,Grants the holder 15 Damage Reduction against all direct-damage Fairy Moves. Accessory Item for Trainers.,,,,,Slipstream Armor,10000,Body,"A flexible and smooth light armor that can momentarily become nearly frictionless. Grants 5 Damage Reduction. Once a battle, the wearer may use a Swift Action to escape from being Stuck."
,,,,,,Custap Berry,500,Grants the Priority keyword to any Move. May only be used at 25% HP or lower. Tier 3.,Fighting Brace,2000,Grants the holder 15 Damage Reduction against all direct-damage Fighting Moves. Accessory Item for Trainers.,,,,,Cap Cannon [5-15 Playtest],5000,Hands,"Capsule Cannons - or Cap Cannons for short - are two-handed pieces of Equipment which can be loaded with different types of Capsules (Caps) and fired. They can be fired as a Standard Action, and the range and effect of the Cannon depends on the Cap used. A Cap Cannon may have up to five Caps loaded in it at once, and they do not have to be fired in any particular order. You may load up to two Caps into a Cannon as a Standard Action. There are three types of Caps: Bean Caps, Glue Caps, and Net Caps. In addition to Caps, Capsule Cannons can also be loaded with Smoke Bombs, Pester Balls, and Poke Balls. When fired this way, these items behave normally but have a Range of 10 meters."
,,,,,,Kee Berry,500,+1 Defense CS. Activates as a Free Action when hit by a Physical Move. Tier 3.,Fire Brace,2000,Grants the holder 15 Damage Reduction against all direct-damage Fire Moves. Accessory Item for Trainers.,,,,,Bean Cap [5-15 Playtest],50,Consumable,"AC: (6 minus Tech Edu Rank, Min 2)
Range: 10 meters
Effect: The target takes 20 Physical, Normal-Type Damage. On 18+, the target is Tripped and loses a Tick of Hit Points."
,,,,,,Maranga Berry,500,+1 Special Defense CS. Activates as a Free Action when hit by a Special Move. Tier 3.,Flying Brace,2000,Grants the holder 15 Damage Reduction against all direct-damage Flying Moves. Accessory Item for Trainers.,,,,,Glue Cap [5-15 Playtest],100,Consumable,"AC: (8 minus Tech Edu Rank, Min 2)
Range: 8 meters
Effect: Cause the target to become Slowed, and their Initiative is lowered by 5. On 18+, the target is also Stuck and Trapped."
,,,,,,Red Apricorn,--,Used to make Level Balls.,Ghost Brace,2000,Grants the holder 15 Damage Reduction against all direct-damage Ghost Moves. Accessory Item for Trainers.,,,,,Net Cap [5-15 Playtest],200,Consumable,"AC: (10 minus Tech Edu Rank)
Range: 6 Meters
Effect: Targets hit by a Net Cap gain all the effects below while the net remains on them. Targets may attempt to remove the Net as a Standard Action; if they do, they make a Save Check with a DC of 15, adding their Power Capability as a bonus to their Roll. Targets may automatically remove the Net as an Extended Action.

» If the target is a Wild Pokémon, Capture Rate is increased by +20
» If the target is Large Size or smaller, they take a -3 penalty to Accuracy Rolls
» If the target is Medium Size or smaller, they are Slowed and Vulnerable
» Sky and Levitate Speeds cannot be used; the target is forced to lower themselves to the ground (without taking fall damage)."
,,,,,,Yellow Apricorn,--,Used to make Moon Balls.,Grass Brace,2000,Grants the holder 15 Damage Reduction against all direct-damage Grass Moves. Accessory Item for Trainers.,,,,,Shield [9-15 Playtest],3000,Off-Hand,"A Shield is an Off-Hand defensive item held in one hand or braced to an arm. Shields grant +1 Evasion. They may be readied as a Standard Action to instead grant +4 Evasion and 10 Damage Reduction until the end of your next turn, but also cause you to become Slowed for that duration. If used Two-Handed, shields can also function as a Small Melee Weapon."
,,,,,,Blue Apricorn,--,Used to make Lure Balls.,Ground Brace,2000,Grants the holder 15 Damage Reduction against all direct-damage Ground Moves. Accessory Item for Trainers.,,,,,Light Armor [9-15 Playtest],8000,Body,+5 Damage Reduction against Physical Damage.
,,,,,,Green Apricorn,--,Used to make Friend Balls.,Ice Brace,2000,Grants the holder 15 Damage Reduction against all direct-damage Ice Moves. Accessory Item for Trainers.,,,,,Special Armor [9-15 Playtest],8000,Body,+5 Damage Reduction against Special Damage.
,,,,,,Pink Apricorn,--,Used to make Love Balls.,Normal Brace,2000,Grants the holder 15 Damage Reduction against all direct-damage Normal Moves. Accessory Item for Trainers.,,,,,Heavy Armor [9-15 Playtest],12000,Body,+5 Damage Reduction against all Damage.
,,,,,,White Apricorn,--,Used to make Fast Balls.,Poison Brace,2000,Grants the holder 15 Damage Reduction against all direct-damage Poison Moves. Accessory Item for Trainers.,,,,,,,,
,,,,,,Black Apricorn,--,Used to make Heavy Balls.,Psychic Brace,2000,Grants the holder 15 Damage Reduction against all direct-damage Psychic Moves. Accessory Item for Trainers.,,,,,,,,
,,,,,,Mental Herb,300,Cures all Volatile Status Effects.,Rock Brace,2000,Grants the holder 15 Damage Reduction against all direct-damage Rock Moves. Accessory Item for Trainers.,,,,,,,,
,,,,,,Power Herb,300,Eliminates the Set-Up turn of Moves with the Set-Up Keyword.,Steel Brace,2000,Grants the holder 15 Damage Reduction against all direct-damage Steel Moves. Accessory Item for Trainers.,,,,,,,,
,,,,,,White Herb,300,Any negative Combat Stages are set to 0.,Water Brace,2000,Grants the holder 15 Damage Reduction against all direct-damage Water Moves. Accessory Item for Trainers.,,,,,,,,
,,,,,,Tiny Mushroom,--,"The user loses 5 HP, and gains +1 Combat Stage in a random Stat.",Type Gem,--,"These items come in a variety of each of the Elemental Types, and are consumed as a Free Action to give a +3 Damage Base bonus to one attack of their Type. Off-hand or Accessory Slot Item for Trainers.",,,,,,,,
,,,,,,Big Mushroom,--,"The user becomes Poisoned; if they do, they gain +1 Combat Stage in two random Stats.",Bug Gem,--,Can be consumed as a Free Action to give a +3 DB bonus to one Bug-Type attack. Off-hand or Accessory Slot Item for Trainers.,,,,,,,,
,,,,,,Balm Mushroom,--,"The user is cured of Burn, Paralysis, or Poison. If they are, they lose 1 Combat Stage in a random Stat.",Dark Gem,--,Can be consumed as a Free Action to give a +3 DB bonus to one Dark-Type attack. Off-hand or Accessory Slot Item for Trainers.,,,,,,,,
,,,,,,Salty Surprise,100,"The user may trade in this Snack’s Digestion Buff when being hit by an attack to gain 5 Temporary Hit Points. If the user likes Salty Flavors, they gain 10 Temporary Hit Points Instead. If the user dislikes Salty Food, they become Enraged.",Dragon Gem,--,Can be consumed as a Free Action to give a +3 DB bonus to one Dragon-Type attack. Off-hand or Accessory Slot Item for Trainers.,,,,,,,,
,,,,,,Spicy Wrap,100,"The user may trade in this Snack’s Digestion Buff when making a Physical attack to deal +5 additional Damage. If the user prefers Spicy Food, it deals +10 additional Damage instead. If the user dislikes Spicy Food, they become Enraged.",Electric Gem,--,Can be consumed as a Free Action to give a +3 DB bonus to one Electric-Type attack. Off-hand or Accessory Slot Item for Trainers.,,,,,,,,
,,,,,,Sour Candy,100,"The user may trade in this Snack’s Digestion Buff when being hit by a Physical Attack to increase their Damage Reduction by +5 against that attack. If the user prefers Sour Food, they gain +10 Damage Reduction instead. If the user dislikes Sour Food, they become Enraged.",Fairy Gem,--,Can be consumed as a Free Action to give a +3 DB bonus to one Fairy-Type attack. Off-hand or Accessory Slot Item for Trainers.,,,,,,,,
,,,,,,Dry Wafer,100,"The user may trade in this Snack’s Digestion Buff when making a Special attack to deal +5 additional Damage. If the user prefers Dry Food, it deals +10 additional Damage instead. If the user dislikes Dry Food, they become Enraged.",Fighting Gem,--,Can be consumed as a Free Action to give a +3 DB bonus to one Fighting-Type attack. Off-hand or Accessory Slot Item for Trainers.,,,,,,,,
,,,,,,Bitter Treat,100,"The user may trade in this Snack’s Digestion Buff when being hit by a Special Attack to increase their Damage Reduction by +5 against that attack. If the user prefers Bitter Food, they gain +10 Damage Reduction instead. If the user dislikes Bitter Food, they become Enraged.",Fire Gem,--,Can be consumed as a Free Action to give a +3 DB bonus to one Fire-Type attack. Off-hand or Accessory Slot Item for Trainers.,,,,,,,,
,,,,,,Sweet Confection,100,"The user may trade in this Snack’s Digestion Buff to gain +4 Evasion until the end of their next turn. If the user prefers Sweet Food, they gain +4 Accuracy as well. If the user dislikes Sweet Food, they become Enraged.",Flying Gem,--,Can be consumed as a Free Action to give a +3 DB bonus to one Flying-Type attack. Off-hand or Accessory Slot Item for Trainers.,,,,,,,,
,,,,,,Hearty Meal,--,"When consumed, that Trainer gains +2 to their Max AP until the end of their next extended rest. A Trainer may only be under the effect of one Hearty Meal at a time. Hearty Meals not consumed within 20 minutes of being created lose all flavor and all effect.",Ghost Gem,--,Can be consumed as a Free Action to give a +3 DB bonus to one Ghost-Type attack. Off-hand or Accessory Slot Item for Trainers.,,,,,,,,
,,,,,,,,,Grass Gem,--,Can be consumed as a Free Action to give a +3 DB bonus to one Grass-Type attack. Off-hand or Accessory Slot Item for Trainers.,,,,,,,,
,,,,,,,,,Ground Gem,--,Can be consumed as a Free Action to give a +3 DB bonus to one Ground-Type attack. Off-hand or Accessory Slot Item for Trainers.,,,,,,,,
,,,,,,,,,Ice Gem,--,Can be consumed as a Free Action to give a +3 DB bonus to one Ice-Type attack. Off-hand or Accessory Slot Item for Trainers.,,,,,,,,
,,,,,,,,,Normal Gem,--,Can be consumed as a Free Action to give a +3 DB bonus to one Normal-Type attack. Off-hand or Accessory Slot Item for Trainers.,,,,,,,,
,,,,,,,,,Poison Gem,--,Can be consumed as a Free Action to give a +3 DB bonus to one Poison-Type attack. Off-hand or Accessory Slot Item for Trainers.,,,,,,,,
,,,,,,,,,Psychic Gem,--,Can be consumed as a Free Action to give a +3 DB bonus to one Psychic-Type attack. Off-hand or Accessory Slot Item for Trainers.,,,,,,,,
,,,,,,,,,Rock Gem,--,Can be consumed as a Free Action to give a +3 DB bonus to one Rock-Type attack. Off-hand or Accessory Slot Item for Trainers.,,,,,,,,
,,,,,,,,,Steel Gem,--,Can be consumed as a Free Action to give a +3 DB bonus to one Steel-Type attack. Off-hand or Accessory Slot Item for Trainers.,,,,,,,,
,,,,,,,,,Water Gem,--,Can be consumed as a Free Action to give a +3 DB bonus to one Water-Type attack. Off-hand or Accessory Slot Item for Trainers.,,,,,,,,
,,,,,,,,,Type Plates,--,"These Rare items come in a variety of each of the Elemental Types, and act as both a Type Booster and a Type Brace. Accessory Slot Item for Trainers.",,,,,,,,
,,,,,,,,,Draco Plate,--,Acts as both a Dragon Booster and a Dragon Brace. Accessory Slot Item for Trainers.,,,,,,,,
,,,,,,,,,Dread Plate,--,Acts as both a Dark Booster and a Dark Brace. Accessory Slot Item for Trainers.,,,,,,,,
,,,,,,,,,Earth Plate,--,Acts as both a Ground Booster and a Ground Brace. Accessory Slot Item for Trainers.,,,,,,,,
,,,,,,,,,Fist Plate,--,Acts as both a Fighting Booster and a Fighting Brace. Accessory Slot Item for Trainers.,,,,,,,,
,,,,,,,,,Flame Plate,--,Acts as both a Fire Booster and a Fire Brace. Accessory Slot Item for Trainers.,,,,,,,,
,,,,,,,,,Icicle Plate,--,Acts as both an Ice Booster and an Ice Brace. Accessory Slot Item for Trainers.,,,,,,,,
,,,,,,,,,Insect Plate,--,Acts as both a Bug Booster and a Bug Brace. Accessory Slot Item for Trainers.,,,,,,,,
,,,,,,,,,Iron Plate,--,Acts as both a Steel Booster and a Steel Brace. Accessory Slot Item for Trainers.,,,,,,,,
,,,,,,,,,Meadow Plate,--,Acts as both a Grass Booster and a Grass Brace. Accessory Slot Item for Trainers.,,,,,,,,
,,,,,,,,,Mind Plate,--,Acts as both a Psychic Booster and a Psychic Brace. Accessory Slot Item for Trainers.,,,,,,,,
,,,,,,,,,Pixie Plate,--,Acts as both a Fairy Booster and a Fairy Brace. Accessory Slot Item for Trainers.,,,,,,,,
,,,,,,,,,Sky Plate,--,Acts as both a Flying Booster and a Flying Brace. Accessory Slot Item for Trainers.,,,,,,,,
,,,,,,,,,Splash Plate,--,Acts as both a Water Booster and a Water Brace. Accessory Slot Item for Trainers.,,,,,,,,
,,,,,,,,,Spooky Plate,--,Acts as both a Ghost Booster and a Ghost Brace. Accessory Slot Item for Trainers.,,,,,,,,
,,,,,,,,,Stone Plate,--,Acts as both a Rock Booster and a Rock Brace. Accessory Slot Item for Trainers.,,,,,,,,
,,,,,,,,,Toxic Plate,--,Acts as both a Poison Booster and a Poison Brace. Accessory Slot Item for Trainers.,,,,,,,,
,,,,,,,,,Zap Plate,--,Acts as both an Electric Booster and an Electric Brace. Accessory Slot Item for Trainers.,,,,,,,,
,,,,,,,,,Normal Plate,--,Acts as both a Normal Booster and a Normal Brace. Accessory Slot Item for Trainers.,,,,,,,,
,,,,,,,,,Winter Cloak,1500,The user does not take damage from Hail. Accessory Item for Trainers.,,,,,,,,
,,,,,,,,,Metal Powder,--,"When held by an untransformed Ditto, increases both Defense and Special Defense by +2 Combat Stages. Cannot be used by Trainers.",,,,,,,,
,,,,,,,,,Rare Leek,--,"When held by a Farfetch’d, this rare Leek increase the holder’s critical range by 2. Rare Leeks are Wielded. Cannot be used by Trainers.",,,,,,,,
,,,,,,,,,Thick Club,--,"When held by a Cubone or Marowak, this rare, dense bone grants the Pure Power Ability. Thick Clubs are Wielded. Cannot be used by Trainers.",,,,,,,,
,,,,,,,,,Pink Pearl,--,"Acts as a Psychic Type Booster. If held by a Spoink, it also acts as a Special Attack Stat Booster.",,,,,,,,
,,,,,,,,,Adorable Fashion,500,The holder may activate this item once a Scene as a Free Action to gain +2 Evasion for one full round.,,,,,,,,
,,,,,,,,,Elegant Fashion,500,The holder may activate this item once a Scene as a Free Action when losing Combat Stages from a foe’s effect to instead not lose those Combat Stages.,,,,,,,,
,,,,,,,,,Rad Fashion,500,The holder may activate this item once a Scene as a Free Action to gain a +4 bonus to a single Save Check.,,,,,,,,
,,,,,,,,,Rough Fashion,500,The holder may activate this item once a Scene as a Free Action to cause a foe within 5 meters to take a -2 penalty to all rolls for one full round.,,,,,,,,
,,,,,,,,,Slick Fashion,500,The holder may activate this item once a Scene as a Free Action when provoking an Attack of Opportunity to instead not provoke one.,,,,,,,,
,,,,,,,,,Mega Stone,--,An item that allows a Pokémon to Mega Evolve when used in conjunction with a Mega Ring. Each Mega Stone is specific to one species and Mega Evolved form.,,,,,,,,
,,,,,,,,,Abomasite,--,Mega Evolves Abomasnow when used in conjuction with a Mega Ring.,,,,,,,,
,,,,,,,,,Absolite,--,Mega Evolves Absol when used in conjuction with a Mega Ring.,,,,,,,,
,,,,,,,,,Aerodactylite,--,Mega Evolves Aerodactyl when used in conjuction with a Mega Ring.,,,,,,,,
,,,,,,,,,Aggronite,--,Mega Evolves Aggron when used in conjuction with a Mega Ring.,,,,,,,,
,,,,,,,,,Alakazite,--,Mega Evolves Alakazam when used in conjuction with a Mega Ring.,,,,,,,,
,,,,,,,,,Altarianite,--,Mega Evolves Altaria when used in conjuction with a Mega Ring.,,,,,,,,
,,,,,,,,,Ampharosite,--,Mega Evolves Ampharos when used in conjuction with a Mega Ring.,,,,,,,,
,,,,,,,,,Audinite,--,Mega Evolves Audino when used in conjuction with a Mega Ring.,,,,,,,,
,,,,,,,,,Banettite,--,Mega Evolves Banette when used in conjuction with a Mega Ring.,,,,,,,,
,,,,,,,,,Beedrillite,--,Mega Evolves Beedrill when used in conjuction with a Mega Ring.,,,,,,,,
,,,,,,,,,Blastoisinite,--,Mega Evolves Blastoise when used in conjuction with a Mega Ring.,,,,,,,,
,,,,,,,,,Blazikenite,--,Mega Evolves Blaziken when used in conjuction with a Mega Ring.,,,,,,,,
,,,,,,,,,Cameruptite,--,Mega Evolves Camerupt when used in conjuction with a Mega Ring.,,,,,,,,
,,,,,,,,,Charizardite X,--,Mega Evolves Charizard when used in conjuction with a Mega Ring.,,,,,,,,
,,,,,,,,,Charizardite Y,--,Mega Evolves Charizard when used in conjuction with a Mega Ring.,,,,,,,,
,,,,,,,,,Diancite,--,Mega Evolves Diancie when used in conjuction with a Mega Ring.,,,,,,,,
,,,,,,,,,Galladite,--,Mega Evolves Gallade when used in conjuction with a Mega Ring.,,,,,,,,
,,,,,,,,,Garchompite,--,Mega Evolves Garchomp when used in conjuction with a Mega Ring.,,,,,,,,
,,,,,,,,,Gardevoirite,--,Mega Evolves Gardevoir when used in conjuction with a Mega Ring.,,,,,,,,
,,,,,,,,,Gengarite,--,Mega Evolves Gengar when used in conjuction with a Mega Ring.,,,,,,,,
,,,,,,,,,Glalitite,--,Mega Evolves Glalie when used in conjuction with a Mega Ring.,,,,,,,,
,,,,,,,,,Gyaradosite,--,Mega Evolves Gyarados when used in conjuction with a Mega Ring.,,,,,,,,
,,,,,,,,,Heracronite,--,Mega Evolves Heracross when used in conjuction with a Mega Ring.,,,,,,,,
,,,,,,,,,Houndoominite,--,Mega Evolves Houndoom when used in conjuction with a Mega Ring.,,,,,,,,
,,,,,,,,,Kangaskhanite,--,Mega Evolves Kangaskhan when used in conjuction with a Mega Ring.,,,,,,,,
,,,,,,,,,Latiasite,--,Mega Evolves Latias when used in conjuction with a Mega Ring.,,,,,,,,
,,,,,,,,,Latiosite,--,Mega Evolves Latios when used in conjuction with a Mega Ring.,,,,,,,,
,,,,,,,,,Lopunnite,--,Mega Evolves Lopunny when used in conjuction with a Mega Ring.,,,,,,,,
,,,,,,,,,Lucarionite,--,Mega Evolves Lucario when used in conjuction with a Mega Ring.,,,,,,,,
,,,,,,,,,Manectite,--,Mega Evolves Manectric when used in conjuction with a Mega Ring.,,,,,,,,
,,,,,,,,,Mawilite,--,Mega Evolves Mawile when used in conjuction with a Mega Ring.,,,,,,,,
,,,,,,,,,Medichamite,--,Mega Evolves Medicham when used in conjuction with a Mega Ring.,,,,,,,,
,,,,,,,,,Metagrossite,--,Mega Evolves Metagross when used in conjuction with a Mega Ring.,,,,,,,,
,,,,,,,,,Mewtwonite X,--,Mega Evolves Mewtwo when used in conjuction with a Mega Ring.,,,,,,,,
,,,,,,,,,Mewtwonite Y,--,Mega Evolves Mewtwo when used in conjuction with a Mega Ring.,,,,,,,,
,,,,,,,,,Pidgeotite,--,Mega Evolves Pidgeotto when used in conjuction with a Mega Ring.,,,,,,,,
,,,,,,,,,Pinsirite,--,Mega Evolves Pinsir when used in conjuction with a Mega Ring.,,,,,,,,
,,,,,,,,,Sablenite,--,Mega Evolves Sableye when used in conjuction with a Mega Ring.,,,,,,,,
,,,,,,,,,Salamencite,--,Mega Evolves Salamence when used in conjuction with a Mega Ring.,,,,,,,,
,,,,,,,,,Sceptilite,--,Mega Evolves Sceptile when used in conjuction with a Mega Ring.,,,,,,,,
,,,,,,,,,Scizorite,--,Mega Evolves Scizor when used in conjuction with a Mega Ring.,,,,,,,,
,,,,,,,,,Sharpedonite,--,Mega Evolves Sharpedo when used in conjuction with a Mega Ring.,,,,,,,,
,,,,,,,,,Slowbronite,--,Mega Evolves Slowbro when used in conjuction with a Mega Ring.,,,,,,,,
,,,,,,,,,Steelixite,--,Mega Evolves Steelix when used in conjuction with a Mega Ring.,,,,,,,,
,,,,,,,,,Swampertite,--,Mega Evolves Swampert when used in conjuction with a Mega Ring.,,,,,,,,
,,,,,,,,,Tyranitarite,--,Mega Evolves Tyranitar when used in conjuction with a Mega Ring.,,,,,,,,
,,,,,,,,,Venusaurite,--,Mega Evolves Venusaur when used in conjuction with a Mega Ring.,,,,,,,,
,,,,,,,,,Fire Stone,3000,"Evolves Vulpix, Growlithe, Eevee, Pansear",,,,,,,,
,,,,,,,,,Water Stone,3000,"Evolves Poliwhirl, Shellder, Staryu, Eevee, Lombre, Panpour",,,,,,,,
,,,,,,,,,Thunder Stone,3000,"Evolves Pikachu, Eevee, Eelektrik",,,,,,,,
,,,,,,,,,Leaf Stone,3000,"Evolves Gloom, Weepinbell, Exeggcute, Eevee, Nuzleaf, Pansage",,,,,,,,
,,,,,,,,,Moon Stone,3000,"Evolves Nidorina, Nidorino, Clefairy, Jigglypuff, Eevee, Skitty, Munna",,,,,,,,
,,,,,,,,,Sun Stone,3000,"Evolves Gloom, Sunkern, Cottonee, Petilil, Helioptile",,,,,,,,
,,,,,,,,,Shiny Stone,3000,"Evolves Eevee, Togetic, Roselia, Minccino, Floette",,,,,,,,
,,,,,,,,,Dusk Stone,3000,"Evolves Eevee, Murkrow, Misdreavus, Lampent, Doublade",,,,,,,,
,,,,,,,,,Dawn Stone,3000,"Evolves Eevee, Male Kirlia, Female Snorunt",,,,,,,,
,,,,,,,,,Deepseascale,3000,Evolves Clamperl,,,,,,,,
,,,,,,,,,Deepseatooth,3000,Evolves Clamperl,,,,,,,,
,,,,,,,,,Dragon Scale,3000,Evolves Seadra,,,,,,,,
,,,,,,,,,Dubious Disk,3000,Evolves Porygon2,,,,,,,,
,,,,,,,,,Electirizer,3000,Evolves Electabuzz,,,,,,,,
,,,,,,,,,Oval Stone,3000,Evolves Happiny,,,,,,,,
,,,,,,,,,Magmarizer,3000,Evolves Magmar,,,,,,,,
,,,,,,,,,Metal Coat,3000,"Evolves Onix, Scyther",,,,,,,,
,,,,,,,,,Protector,3000,Evolves Rhydon,,,,,,,,
,,,,,,,,,Reaper Cloth,3000,Evolves Dusclops,,,,,,,,
,,,,,,,,,Sachet,3000,Evolves Spritzee,,,,,,,,
,,,,,,,,,Up-Grade,3000,Evolves Porygon,,,,,,,,
,,,,,,,,,Whipped Dream,3000,Evolves Swirlix,,,,,,,,