Food Item,Digestion/Food Buff,Held Item,Description,Capability,Description,Weather,Effect
Candy Bar,Restores 5 Hit Points,Big Root,HP-stealing moves restore double HP,Alluring,"Pokémon who are Alluring smell very pleasant. Once per day, they may act as if they were a Bait Item.",Hail,"While it is Hailing, all non-Ice Type Pokémon lose a Tick of Hit Points at the beginning of their turn."
Honey,Restores 5 Hit Points,Bright Powder,Speed Evasion +2,Amorphous,"Pokémon that are Amorphous have an inconsistent shape. They can flatten and reform themselves like putty. They can stretch out their body material and condense themselves as well. They’re able to squeeze through tight spaces, such as under a door.",Rainy,"While Rainy, Water-Type Attacks gain a +5 bonus to Damage Rolls, and Fire-Type Attacks suffer a -5 Damage penalty."
,,,,As One,"This Pokémon is an adept rider, and is capable of transferring some of the power of its mount to itself while also protecting those it rides.

This Pokémon may Mount any willing, Mountable Pokémon (or other Pokémon that the GM deems suitable) as an Extended Action. While Mounted, the other Pokémon is unable to be commanded, targeted separately, or use any Moves or Abilities. It is treated as part of this Pokémon in all respects, including able to fit inside the same Pokéball and Fainting at the same time, and the rider may not be knocked off. While Mounting, this Pokemon may not Mount any further Pokemon until it dismounts.

While Mounting a Pokémon, the user’s Movement Capabilities and Naturewalk are replaced with the Mount’s, the user’s Secondary Type (second listed) is replaced by the Mount’s Primary Type (first listed). The user also gains the Size of the Mount, and counts as the Mount’s Weight Class if the mount’s is higher. In addition, the user gains one Basic Ability of the Mount. Wonder Guard may not be gained in this way. If Mounting Spectrier, this Pokémon may use Astral Barrage. If Mounting Glastrier, this Pokémon may use Glacial Lance.
This Pokémon may stop Mounting as an Extended Action.
",,
Leftovers,Recover 1/16th of max Hit Points at the beginning of each turn for the rest of the encounter,Choice Items,"Choice Items are tied to a specific Stat. While held, the default state of the Stat is +2 Combat Stages. However, the user is Suppressed and cannot be cured until the end of Combat, even if the item is removed.",Aura Reader,"These Trainers and Pokémon can read the Auras of other living beings. Each Aura conveys two pieces of information. First, its hue or color reveals something about the personality of the target. The hue of an Aura may change over time if an individual undergoes significant changes in personality or worldview. Second, Auras also appear brightened or darkened at times. Brightened auras can reflect good moods and intentions, whereas darkened auras can reflect a sour mood or deceptive and negative intentions.",Sandstorm,"While it is Sandstorming, all non-Ground, Rock, or Steel Type Pokémon lose a Tick of Hit Points at the beginning of their turn."
Black Sludge,Recover 1/8th of max Hit Points at the beginning of each turn for the rest of the encounter,Choice Band,"The default state of the holder's Attack Stat is +2 Combat Stages. However, the holder is Suppressed and cannot be cured until the end of Combat, even if the item is removed.",Aura Pulse,"Pokémon and Trainers with Aura Pulse are blessed by a great power. They can project their thoughts using Aura, straight into the minds of those they wish to communicate with. They can read the surface thoughts of minds in return, but only minds that open up to them willingly.",Sunny,"While Sunny, Fire-Type Attacks gain a +5 bonus to Damage Rolls, and Water-Type Attacks suffer a -5 Damage penalty."
Mental Herb,Cures all Volatile Status Effects,Choice Specs,"The default state of the holder's Special Attack Stat is +2 Combat Stages. However, the holder is Suppressed and cannot be cured until the end of Combat, even if the item is removed.",Blindsense,"Zubat, Deino, and Deino’s Evolutions are blind, but can generally function through increased senses – Blindsense can take the form of echolocation, increased hearing, enhanced sense of smell, a supernatural awareness of the environment, and more. It is, however, unable to distinguish colors or exact forms (reading words on a book would be impossible, for example). Pokémon and Trainers with Blindsense can function even in complete darkness, as if they had Darkvision, and they can never be Blinded.",,
Power Herb,Eliminates the Set-Up turn of Moves with the Set-Up Keyword,Choice Scarf,"The default state of the holder's Speed Stat is +2 Combat Stages. However, the holder is Suppressed and cannot be cured until the end of Combat, even if the item is removed.",Bloom,"When a Pokémon with Bloom, Cherrim, is in Sunny weather it transforms; changing its appearance from the closed bud, purple-petal form into the pink open flower form.",,
White Herb,Any negative Combat Stages are set to 0,Choice Item (Def),"The default state of the holder's Defense Stat is +2 Combat Stages. However, the holder is Suppressed and cannot be cured until the end of Combat, even if the item is removed.",Blender,"Pokémon with Blender are capable of changing their color to match their surroundings. As a Shift Action, they may increase their Evasion by +2 against Melee attacks and by +4 against Ranged attacks until the end of their next turn. This Capability may be performed At-Will.",,
Cheri Berry,Cures paralysis,Choice Item (SDef),"The default state of the holder's Special Defense Stat is +2 Combat Stages. However, the holder is Suppressed and cannot be cured until the end of Combat, even if the item is removed.",Chilled,Pokémon with the Chilled Capability are always cold.,,
Chesto Berry,Cures sleep,Contest Accessory,The user rolls +2d6 during the Introduction Stage of a Contest.,Darkvision,A Pokémon with the Darkvision Capability never has their vision hampered by a loss of light. They can even see in total darkness and are never Blind or affected by Total Blindness due to low-light conditions.,,
Pecha Berry,Cures poison,Contest Fashion,"These Items have a chosen Contest Stat; Beauty, Cool, Cute, Smart, or Tough. When held, once per Contest, the holder may re-roll any 1's made when using a Move of the chosen Contest Stat.",Dead Silent,"A Pokémon with the Dead Silent capability does not breathe or have a heartbeat, and does not shuffle or make noise as they walk unless they wish to.",,
Rawst Berry,Cures burn,Beauty Fashion,Once per Contest the holder may re-roll any 1's made when using a Beauty Move.,Delta Evolution,Rayquaza may Mega-Evolve without holding a Mega Stone as long as it knows the Move Dragon Ascent.,,
Aspear Berry,Cures freeze,Cute Fashion,Once per Contest the holder may re-roll any 1's made when using a Cute Move.,Dream Mist,A Pokémon of at least Level 20 who has the Dream Mist Capability can produce Dream Mist once a day as an Extended Action. Dream Mist may be collected with a Collection Jar.,,
Oran Berry,Restores 5 Hit Points,Cool Fashion,Once per Contest the holder may re-roll any 1's made when using a Cool Move.,Dream Reader,"Pokémon with the Dream Reader Capability may view the dreams of Sleeping Pokémon and Trainers. If the Pokémon or Trainer was put to Sleep with a Dream Mist item, they may also form a moving image of the dream from the Dream Mist in the target, allowing others to get a brief glance of the contents of the dream. Pokémon with this Capability cannot read the dreams of targets with the Mindlock Capability.",,
Persim Berry,Cures Confusion,Smart Fashion,Once per Contest the holder may re-roll any 1's made when using a Smart Move.,Egg Warmer,"A Pokémon with Egg Warmer may heat up an egg once per 24 hours. Roll 1d10; on a result of 1, nothing happens; on a result of 2-10, the egg’s hatch time is reduced, in hours, by the number rolled.",,
Lum Berry,Cures any single status ailment,Tough Fashion,Once per Contest the holder may re-roll any 1's made when using a Tough Move.,Firestarter,"The Pokémon’s Struggle Attacks may be Fire-Typed if they wish. They may also add their Special Attack instead of their Attack and have the attack deal Special Damage, if they wish.",,
Sitrus Berry,Restores 15 Hit Points,Everstone,Evolution is prevented for the holder.,Fortune,"Once a day, a Pokémon of at least Level 20 with this Capability may be allowed to roam freely in a City or Town for at least one hour. The user then returns with an amount of money equal to its Level multiplied by 1d10. If the user is a Pokémon with a Loyalty of 1 or 0, it may not return and instead run away.",,
Figy Berry,"Heals 1/8th of the Pokémon’s Max HP. If the user likes Spicy, it heals 1/6th instead. If the user dislikes Spicy, the user is Confused.",Eviolite,"Only affects not-fully-evolved Pokémon of a single family, decided when the Eviolite is made. Grants a +5 Bonus to two different Stats, after Combat Stages, decided when the Eviolite is made. Prevents Pokémon from evolving when held.",Fountain,"The Pokémon’s Struggle Attacks may be Water-Typed if they wish. They may also add their Special Attack instead of their Attack and have the attack deal Special Damage, if they wish.",,
Wiki Berry,"Heals 1/8th of the Pokémon’s Max HP. If the user likes Dry, it heals 1/6th instead. If the user dislikes Dry, the user is Confused.",Expert Belt,"Whenever the holder deals Super Effective Damage, they deal an additional 5 damage (this damage is not multiplied).",Freezer,"The Pokémon’s struggle Attacks may be Ice-Typed if they wish. They may also add their Special Attack instead of their Attack and have the attack deal Special Damage, if they wish.",,
Mago Berry,"Heals 1/8th of the Pokémon’s Max HP. If the user likes Sweet, it heals 1/6th instead. If the user dislikes Sweet, the user is Confused.",Flame Orb,Induces Burn on holder. Standard Action to drop.,Gather Unown,"Pokémon of at least Level 20 with the Gather Unown Capability can summon a random Unown once a week as a Standard Action. The Unown has a Level of 2d8, but it cannot exceed the user’s Level. They are not immediately hostile.",,
Aguav Berry,"Heals 1/8th of the Pokémon’s Max HP. If the user likes Bitter, it heals 1/6th instead. If the user dislikes Bitter, the user is Confused.",Focus Band,"Whenever the holder would faint, roll 1d20. Once per Scene on a result of 16+, the holder does not faint and is left with 1 HP instead.",Gilled,A Gilled Pokémon can breathe underwater. It never needs to come up for air and can remain underwater for as long as it wants to.,,
Iapapa Berry,"Heals 1/8th of the Pokémon’s Max HP. If the user likes Sour, it heals 1/6th instead. If the user dislikes Sour, the user is Confused.",Focus Sash,"Once per Scene, if damage from a Move would take the holder’s Hit Points from Max to 0 or less, the holder is set to 1 HP instead.",Glow,"A Pokémon with the Glow Capability can emit light from a part of its body. Depending on the variety of wild Pokémon nearby, it might attract Pokémon or ward them away.",,
Liechi Berry,Attack CS +1,Full Incense,The holder gains the Stall ability.,Groundshaper,"A Pokémon with the Groundshaper Capability can transform the terrain around them to create Rough Terrain or Slow Terrain or Terrain that is both, or flatten out Rough Terrain to create Basic Terrain. Using this Capability is an At-Will Standard Action that affects all cardinally adjacent squares. All squares need not be affected in the same way, and the user may choose not to affect certain squares at all if they wish.",,
Ganlon Berry,Defense CS +1,Go-Goggles,The holder does not take damage from Sandstorm.,Guster,"The Pokémon’s Struggle Attacks may be Flying-Typed if they wish. They may also add their Special Attack instead of their Attack and have the attack deal Special Damage, if they wish.",,
Salac Berry,Speed CS +1,Iron Ball,"The holder's Speed Stat is halved, and any immunity to Ground Type is lost. Standard Action to drop.",Hazard Immunity,Confers immunity to all negative effects from toxic environments.,,
Petaya Berry,Special Attack CS +1,King's Rock,"Attacks cause Flinch on an accuracy roll of 19+. This does not stack with any abilities, moves, or effects that extend flinch rate.",Hazard Tolerance,"Lowers the toxicity of all environments by one step. High toxicity becomes medium, medium becomes low, and low toxicity is ignored altogether.",,
Apicot Berry,Special Defense CS +1,Lagging Items,"Lagging Items are tied to a specific Stat. When held, the Stat is set to -4 Combat Stages. Standard Action to drop.",Heart Gift,Pokémon of at least Level 30 with this Capability can produce a Heart Scale item once a week as an Extended Action.,,
Lansat Berry,Increases Critical Range by +1 for the remainder of the encounter.,Lagging Tail,The holder's Speed Stat is set to -4 Combat Stages. Standard Action to drop.,Heater,A Pokémon with the Heater Capability is always warm.,,
Starf Berry,Random stat CS +2.  May be used only at 25% HP or lower.,Lagging Item (Atk),The holder's Attack Stat is set to -4 Combat Stages. Standard Action to drop.,Herb Growth,Pokémon of at least Level 20 with this Capability may produce a Revival Herb once a day as an Extended Action. This Herb may be harvested by a Trainer.,,
Enigma Berry,User gains Temporary HP equal to 1/6th of their Max HP when hit by a Super Effective Move.,Lagging Item (Def),The holder's Defense Stat is set to -4 Combat Stages. Standard Action to drop.,Honey Gather,"Once a day, Pokémon with this Capability can find a Honey item as an Extended Action if they are allowed time in an environment with abundant plant life. Honey may be collected with a Collection Jar.",,
Micle Berry,Increases Accuracy by +1.,Lagging Item (SAtk),The holder's Special Attack Stat is set to -4 Combat Stages. Standard Action to drop.,Illusionist,"Pokémon with the Illusionist Capability can create minor visual Illusions as a Standard Action. These may be no more than half a meter in any dimension and produce no sensory sensations outside of sight. Any physical contact noticeably disrupts an Illusion, and all other effects that see through Illusions can do so. Otherwise, the Illusion appears life-like and can be made to move, though it cannot move further than the user’s Focus Rank in meters away from the user. Actively manipulating the Illusion requires constant attention from the user. For minor effects such as making an illusionary flame dance, this requires the user to constantly spend its Swift Actions. For more major effects such as animating an illusionary skeleton, the user must constantly spend Standard Actions.",,
Jaboca Berry,Foe dealing Physical Damage to the user loses 1/8 of their Maximum HP.,Lagging Item (SDef),The holder's Special Defense Stat is set to -4 Combat Stages. Standard Action to drop.,Inflatable,"A Pokémon with the capability Inflatable can expand its size up to 125% of its normal size as a Standard Action. While Inflated, a Pokémon does not change its weight. When Inflated, Pokémon gain a -1 Penalty to Evasion, but become Blocking Terrain; you may not target through an Inflated Pokémon. Returning to normal size is a Shift Action.",,
Rowap Berry,Foe dealing Special Damage to the user loses 1/8 of their Maximum HP.,Lax Incense,All Stat Evasions +1,Invisibility,"Pokémon who have the Invisibility Capability can turn invisible as a Shift Action. Pokémon may not perform Moves while invisible. While invisible, you must roll +4 during Accuracy Checks to hit the Pokémon. When a Pokémon turns invisible, they can only remain invisible for up to 4 minutes or can turn visible again as a Free Action. After becoming visible, they must wait two plus the number of minutes they spent invisible before turning invisible again.",,
Cornn Berry,Cures Disabled condition,Life Orb,"Whenever the holder deals direct damage, increase the damage by +5, and then the holder loses Hit Points equal to 1/16th of their Max Hit Points.",Juicer,"When Shuckle is holding a berry, after 24 hours of that Berry going unused, it will be turned into Berry Juice and stored in the Shuckle’s shell. Shuckle may use Berry Juice as a Snack Item; if the juice is bottled, other Pokémon and Trainers may drink the Berry Juice as a Refreshment. If a Berry Juice item is left in the Shuckle’s shell unused for two weeks it solidifies and turns into a Rare Candy.",,
Magost Berry,Cures Enraged condition,Luck Incense,Grants +1 Bonus to all Accuracy Rolls. A roll of 1 always misses.,Keystone Warp,Spiritomb carries around with it an Odd Keystone. Trainers may collect additional Odd Keystones as they travel. They may then synchronize them with a Spiritomb for the cost of 2 Tutor Points. A Spiritomb may then freely teleport between any Odd Keystones within 10 meters as a Standard Action.,,
Rabuta Berry,Cures Suppressed condition,Quick Claw,The user adds +10 to their Initiative.,Letter Press,"Unown with the Letter Press capability may be combined with other Unown, creating a Prime Unown, or adding to an existing Prime Unown. The first four times you add an Unown to a Prime Unown, including the creation of the Prime Unown, add 5 points to any one of the Prime Unown’s Base stats. Combined Unown may retain different instances of Hidden Power from each individual Unown, up the normal Move List limit. When combining Unown with the Letter Press capability, for each instance of Hidden Power, choose whether it will operate on Attack stat or Special Attack stat. This choice is permanent. Unowns combined with Letter Press can be kept in a single Poké Ball, essentially becoming a single Pokémon. Once combined with Letter Press, Unowns cannot be separated. Prime Unown lose the Underdog Capability.",,
Nomel Berry,Cures Infatuated condition,Razor Claw,The holder’s damaging attacks have their Critical Hit Range extended by +1.,Living Weapon,"In addition to being a Pokémon, Honedge and its evolutionary relatives also count as equipment and may be used as such if the Pokémon is willing. Honedge may be used as a Small Melee Weapon. Doublade may be used as two Small Melee Weapons; when one is held in each hand, the user gains +2 to Evasion. Aegislash may be used as a Small Melee Weapon and a Light Shield. When Fainted, these Pokémon may still be used as inanimate pieces of equipment, but all rolls made with them take a -2 penalty.

If the Living Weapon is also being used as an active Pokémon, the Wielder and the Living Weapon use the Wielder’s Movement Speed to shift during each of their turns, and the total amount Shifted during the round cannot exceed the Wielder’s Movement Speed.

While wielded, the Living Weapon may impart its wielder benefits as if it were a Simple or Fine Weapon, as long as the wielder has the requisite Combat Skill Rank. A Honedge counts as a Simple Weapon and grants the Adept Move Wounding Strike. A Doublade counts as a Simple Weapon and Grants the Adept Move Double Swipe. An Aegislash counts as a Fine Weapon and grants the Adept Move Wounding Strike and the Master Move Bleed!. While used as a Living Weapon, the Pokémon also adds these Moves to its own Move List, so long as their wielder qualifies to access them.

Either the Living Weapon or the Wielder can disengage as a Swift Action during their turn to Shift and attack separately. Re-engaging is a Standard Action that may be taken by either party. While Wielded, a Living Weapon cannot benefit from its No Guard Ability, and an Aegislash is automatically in Blade forme.",,
Leppa Berry,Restores a Scene Move,Razor Fang,The holder’s damaging attacks cause an Injury on a roll of 19+.,Magnetic,"Magnetic Pokémon can lightly manipulate magnetic fields. With this, they can repel or attract iron and/or steel, holding it to their body or pushing it away. Through this magnetic manipulation, they can also feel magnetic fields and discern magnetic north.",,
Occa Berry,Weakens foe’s super effective Fire-type move by one step,Safety Goggles,The holder is immune to Moves with the Powder Keyword.,Marsupial,"Kangaskhan is always born with the Baby Template (see Optional Rules), subtracting 5 from each of its Base Stats. While Kangaskhan have the Baby Template, they live in their mother’s pouch and will not willingly leave it for long; their bond is so strong, that both Pokémon are able to be captured in a single Pokeball during this time. While Kangaskhan has the Baby Template, it cannot be Commanded to fight or take any action. Mother Kangaskhan with a Baby in their pouch are exceptional at protecting their babies; attacks cannot target Kangaskhan inside their mother’s pouch while she is conscious. Trainers raising a Kangaskhan may choose to have their Mother Kangaskhan gain 20% less experience from any sources and give that Experience to the baby instead. Once a Baby Kangaskhan reaches level 25 and loses the Baby Template, it exits its mother’s pouch permanently. If its mother had a loyalty higher than 1, it will allow itself to be easily caught by its Trainer.",,
Passho Berry,Weakens foe’s super effective Water-type move by one step,Shell Bell,"Whenever the holder damages a foe, they gain a Tick of Temporary Hit Points.",Materializer,"The Pokémon’s struggle Attacks may be Rock-Typed if they wish. They may also add their Special Attack instead of their Attack and have the attack deal Special Damage, if they wish.",,
Wacan Berry,Weakens foe’s super effective Electric-type move by one step,Shock Collar,"Comes with a remote activator, which, when activated, causes the holder to lose Hit Points equal to 1/6th of their Max Hit Points. This may be used to activate the “Press” Feature.",Milk Collection,The user may produce a MooMoo Milk Item once a day as an Extended Action as long as they are at least Level 20. MooMoo Milk may be collected with a Collection Jar.,,
Rindo Berry,Weakens foe’s super effective Grass-type move by one step,Stat Boosters,"Stat Boosters are tied one of the following Stats: Attack, Defense, Special Attack, Special Defense, Speed, Evasion, or Accuracy. When held, the default state of the Stat is +1 Combat Stage, or simply +1 for Accuracy and Evasion.",Mindlock,"Pokémon who have the Capability Mindlock cannot have their minds read by Telepathy, are immune to the Move Mind Reader, cannot have their emotions calmed with Gentle Vibe, and Telepathic Warning cannot trigger on their attacks. The Dream Reader Capability cannot read their dreams.",,
Yache Berry,Weakens foe’s super effective Ice-type move by one step,Attack Booster,The default state of the holder's Attack Stat is +1 Combat Stage.,Mountable X,"This Pokémon may serve as a mount for X average Trainers regardless of Power Capability and ignoring penalties for weight carried. This Capability fails to function if significant weight is added in addition to the Trainer(s). Note that this Capability is meant to be used as a guideline, not a hard and fast rule. Feel free to adjust which Pokémon can be ridden as fits your campaign.",,
Chople Berry,Weakens foe’s super effective Fighting-type move by one step,Defense Booster,The default state of the holder's Defense Stat is +1 Combat Stage.,Mushroom Harvest,"Pokémon of at least Level 20 with this Capability can produce a mushroom item once a day as an Extended Action. Roll 1d20 when this Capability is used. On a roll of 1-12, a Tiny Mushroom is produced. On a roll of 13-18, a Big Mushroom is produced. On a roll of 19-20, a Balm Mushroom is produced.",,
Kebia Berry,Weakens foe’s super effective Poison-type move by one step,S Attack Booster,The default state of the holder's Special Attack Stat is +1 Combat Stage.,Naturewalk,"Naturewalk is always listed with Terrain types in parentheses, such as Naturewalk (Forest and Grassland). Pokémon with Naturewalk treat all listed terrains as Basic Terrain.",,
Shuca Berry,Weakens foe’s super effective Ground-type move by one step,S Defense Booster,The default state of the holder's Special Defense Stat is +1 Combat Stage.,Pack Mon,"A Pokémon with Pack Mon instinctively belong to a rigid pack structure, and are naturally inclined to the top of that structure. Wild Pokémon that are of this Pokémon’s unevolved form or at least 10 levels lower than the user will instantly obey the user’s commands; showing a Pokémon with Pack Mon to a group of Wilds will put them at a Fearful disposition. However, two Pack Mons of the same species and within 10 Levels of each other will fight for dominance of the group. If a Wild Pack Leader is ten levels higher than your Pokémon, it will expect your Pokémon to obey it, and may attack if it does not.",,
Coba Berry,Weakens foe’s super effective Flying-type move by one step,Speed Booster,The default state of the holder's Speed Stat is +1 Combat Stage.,Pearl Creation,"When a Pokémon with this Capability Evolves, it loses this Capability and creates a Pink Pearl Held Item.",,
Payapa Berry,Weakens foe’s super effective Psychic-type move by one step,Accuracy Booster,Accuracy +1,Phasing,"A Pokémon with Phasing may Shift through Slow Terrain without their Speed Capabilities being affected. As a Standard action, they may turn completely Intangible. While Intangible, they cannot be targeted by Moves or attacks, cannot perform Standard Actions, and lose a Tick of Hit Points at the end of each round. While Intangible, they may pass through solid walls and all other blocking terrain during their Shift Action. Becoming Tangible again is a Shift Action.",,
Tanga Berry,Weakens foe’s super effective Bug-type move by one step,Evasion Booster,Evasion +1,Planter,"Pokémon with the Planter Capability can act as a Portable Grower, holding one plant at a time. Pokémon with this Capability may be limited in what they can grow. In these cases, they will have parentheses on their Planter Capability denoting what they can grow. For example, Planter (Berries) would allow the Pokémon to grow Berry plants only.",,
Charti Berry,Weakens foe’s super effective Rock-type move by one step,Toxic Orb,Induces Poison on holder. Standard Action to drop.,Premonition,"Pokémon with this Capability have a supernatural sense for natural disasters such as earthquakes, floods, and volcanic eruptions. The magnitude of the impending disaster and its proximity to the Pokémon both affect how often they get this sense before a disaster and how long in advance the warning is. Closer and bigger disasters tend to have a greater effect and may alert the Pokémon to the specific area where a disaster will occur days in advance, while lesser disasters may simply give the Pokémon an odd sense of unease several hours before they hit.",,
Kasib Berry,Weakens foe’s super effective Ghost-type move by one step,Type Boosters,"These items come in a variety of each of the Elemental Types, and grant a +5 Damage Bonus to all direct-damage Moves of that specific Type used by the holder.",Reach,"A Pokémon with Reach has the Range of their Melee attacks increased based on their size category; Small and Medium Pokémon may make Melee attacks from up to 2 meters away, and Large and bigger Pokémon may make Melee attacks from up to 3 meters away. Pokémon with Reach are either really large or have a stretchy limb with which they can strike foes from a distance.",,
Haban Berry,Weakens foe’s super effective Dragon-type move by one step,Bug Booster,Grants a +5 Damage Bonus to all direct-damage Bug Moves used by the holder.,Shadow Meld,"Gengar can melt into shadows to remain unseen as a Standard Action. While doing so, Gengar receives a +4 bonus to Stealth rolls, gains +1 to its evasion, and can travel along a surface as if completely flat. Gengar may also “ride” along on a living creature’s shadow, moving along with it as the creature moves. Gengar may not use Standard Actions while melded into shadow. Reforming is a Shift Action.",,
Colbur Berry,Weakens foe’s super effective Dark-type move by one step,Dark Booster,Grants a +5 Damage Bonus to all direct-damage Dark Moves used by the holder.,Shapeshifter,"Pokémon with this Capability can change their shape at will, taking on different forms as a Standard Action. When using this Capability, the user cannot increase or decrease its total mass by more than 50%, and they cannot replicate complex machines such as computers or phones. They may take on the appearance of these devices, but they will appear simplified in comparison. They can, however, transform into other moving forms such as acting as someone’s prosthetic limb, a living lever or pulley system, or a Pokémon comparable in size. Note in this last case that the Shapeshifter doesn’t gain any qualities of that Pokémon without actually using the Move Transform! Anyone closely examining a Shapeshifter Pokémon may determine its true nature with a Perception Check opposed by the Pokémon’s Stealth.",,
Babiri Berry,Weakens foe’s super effective Steel-type move by one step,Dragon Booster,Grants a +5 Damage Bonus to all direct-damage Dragon Moves used by the holder.,Shrinkable,"A Pokémon with the capability Shrinkable can shrink its size up to 25% of its normal size as a Standard Action, but this does not change its weight. While Shrunken, a Pokémon may not perform Standard Actions except to return to normal size, and gains a +4 bonus to Evasion. Using Shrinkable is not the same as using the Move Minimize, but if a Pokémon learns the Move Minimize and does not have the Shrinkable Capability, they gain Shrinkable.",,
Chilan Berry,Weakens foe’s Normal-type move by one step,Electric Booster,Grants a +5 Damage Bonus to all direct-damage Electric Moves used by the holder.,Soulless,"Shedinja is a unique Pokémon. Its default Ability will always be Wonder Guard and Shedinja’s Max Hit Points is always 1. You may not add to a Shedinja’s Hit Point stat, and Shedinja may not have Temporary Hit Points. However, Shedinja can’t die and never gains Injuries. Given an Extended Rest, Shedinja always recovers to 1 Hit Point regardless of natural healing rate and how many Hit Points it had previously.",,
Roseli Berry,Weakens foe’s super effective Fairy-type move by one step,Fairy Booster,Grants a +5 Damage Bonus to all direct-damage Fairy Moves used by the holder.,Split Evolution,"Wurmple evolves based on its Nature; if it has a Nature that raises Attack, Special Attack, or Speed, it evolves into Silcoon. If it has a Nature that raises HP, Defense, or Special Defense, it evolves into Cascoon.",,
Custap Berry,Grants the Priority keyword to any Move. May only be used at 25% HP or lower.,Fighting Booster,Grants a +5 Damage Bonus to all direct-damage Fighting Moves used by the holder.,Sprouter,"Once per week, Pokémon with the Sprouter capability can rapidly influence the growth of plants and flora around them. As a Standard Action, they may cause a plant around them to bloom, and potentially grow up to 1 meter in any direction. Sprouter may cause planted Berries to instantly give yield.",,
Kee Berry,Defense CS +1. Activates as a Free Action when hit by a Physical Move.,Fire Booster,Grants a +5 Damage Bonus to all direct-damage Fire Moves used by the holder.,Stealth,"A Pokémon with the Stealth Capability are excellent at approaching the enemy for an up close assault. While Shifting, unless they purposely want to, Stealth Pokémon do not make any noise. Unless a Pokémon with Stealth has used a Ranged Move during the current round or the round previous, Ranged Moves may not target them if the line of sight drawn goes through Rough Terrain or if the Pokémon is on Rough Terrain.",,
Maranga Berry,Special Defense CS +1. Activates as a Free Action when hit by a Special Move.,Flying Booster,Grants a +5 Damage Bonus to all direct-damage Flying Moves used by the holder.,Telekinetic,"Telekinetic Pokémon and Trainers can move objects with their mind. They can lift things with Telekinesis as if they were using a Power Capability equal to their Focus Rank. When lifting Staggering Weights with Telekinesis, they roll Focus instead of Athletics, and the DC is 10 instead of 4. They can target objects up to 8 meters away. Count the combined weight of all objects when determining whether they can lift all of them. Using this Capability to lift the user’s Drag Weight or greater leaves discoverable psychic residue. Additionally, the user may use Struggle Attacks at a range of X, where X is the user’s Focus Rank. These Struggle Attacks deal Normal-Type Damage as usual, but the user may add their Special Attack instead of their Attack and have the attack deal Special Damage, if they wish. The user may perform the Disarm, Trip, and Push Maneuvers at the range of your Telekinetic Capability and using the Focus Skill for all opposed rolls. When the Push Maneuver is used this way, the user does not repeat the Push but instead Pushes the target a number of meters equal to half their Focus Rank.",,
Salty Surprise,"Gain 5 temporary Hit Points when hit by an attack.  If the user likes Salty, gain 10 temporary Hit Points instead.  If the user dislikes Salty, they become Enraged.",Ghost Booster,Grants a +5 Damage Bonus to all direct-damage Ghost Moves used by the holder.,Telepath,A Telepathic Pokémon can read the surface thoughts of people and other Pokémon X meters away where X is Focus Rank doubled. Pokémon with Telepathy can project their thoughts to the minds of other Trainers or Pokémon with Telepathy. Trainers with Telepathy can project their thoughts to the minds of any Trainer or Pokémon. Telepathy can be used to read only one target at a time but can project to on a number of separate targets at once equal to half the user’s Focus Rank. Telepathy may be used to read minds with or without making the target aware of the attempt. Unwilling targets and targets that are unaware automatically resist the Telepathy attempt; the user and target roll opposed Focus Checks to determine if the Telepathy attempt is successful. A failure imposes a cumulative -3 penalty to future checks to use Telepathy on that target for the next 24 hours. Using Telepathy on an Unwilling target leaves discoverable psychic residue.,,
Spicy Wrap,"Deal +5 additional damage when making a physical attack.  If the user likes Spicy, deal +10 additional damage instead.  If the user dislikes Spicy, they become Enraged.",Grass Booster,Grants a +5 Damage Bonus to all direct-damage Grass Moves used by the holder.,Threaded,"Pokémon with the Threaded Capability may make a Threaded Shift as a Shift Action. A Threaded Shift is when a Pokémon targets an object and shoots a strong, thin line of silk, or extends a vine from themselves, and then quickly retracts that silk, or vine, pulling itself towards the object if the Pokémon is lighter than the object, or pulling the object towards the Pokémon if it is lighter than the user. Threaded has a range of 4 meters. If you target an unwilling Pokémon or Trainer with threaded, Threaded requires an AC 6 Status Attack to use.",,
Sour Candy,"Gain +5 damage reduction against a physical attack.  If the user likes Sour, gain +10 damage reduction instead.  If the user dislikes Sour, they become Enraged.",Ground Booster,Grants a +5 Damage Bonus to all direct-damage Ground Moves used by the holder.,Tracker,"Pokémon with the Tracker Capability have a strong sense of smell that they can use to follow other Pokémon or people. If the Pokémon has smelt whom they want to track in the past day, or one of their personal belongings, they can pursue that prey with a Perception check of 8 or better. To pick-up a random scent from nothing, a Perception check of 14 or better will allow the Pokémon to follow that scent. To pick-up a specific scent from nothing, a Perception check of 20 will allow the Pokémon to follow that scent. A Pokémon may only make these checks once per hour.",,
Dry Wafer,"Deal +5 additional damage when making a special attack.  If the user likes Dry, deal +10 additional damage instead.  If the user dislikes Dry, they become Enraged.",Ice Booster,Grants a +5 Damage Bonus to all direct-damage Ice Moves used by the holder.,Tremorsense,"Pokémon with the Tremorsense Capability can sense the location, size, and shape of objects in the ground around them for up to 5 meters, almost as if they could see through the ground.",,
Bitter Treat,"Gain +5 damage reduction against a special attack.  If the user likes Sour, gain +10 damage reduction instead.  If the user dislikes Sour, they become Enraged.",Normal Booster,Grants a +5 Damage Bonus to all direct-damage Normal Moves used by the holder.,Underdog,This capability denotes Pokémon who qualify for the Underdog Class’s effects. They are Pokémon species with a Base Stat total of 45 or less. Some exceptions apply.,,
Sweet Confection,"Gain +4 Evasion until the end of the user's next turn.  If the user likes Sweet, gain +4 Accuracy as well.  If the user dislikes Sweet, they become Enraged.",Poison Booster,Grants a +5 Damage Bonus to all direct-damage Poison Moves used by the holder.,Vacuum Immunity,Prevents all injuries from vacuum exposure.,,
Herbal Restorative,[Playtest] +2 bonus on a Save Check.,Psychic Booster,Grants a +5 Damage Bonus to all direct-damage Psychic Moves used by the holder.,Vacuum Tolerance,"Slows down the rate of injury gain, causing the Pokémon with the capability to gain injuries from vacuum exposure once every 5 minutes instead of one every round.",,
,,Rock Booster,Grants a +5 Damage Bonus to all direct-damage Rock Moves used by the holder.,Volatile Bomb,The Pokémon never loses Loyalty from using Self-Destruct or Explosion.,,
,,Steel Booster,Grants a +5 Damage Bonus to all direct-damage Steel Moves used by the holder.,Wallclimber,"Wallclimber Pokémon often have suction cups, hooks, or other means of easily scaling walls or other vertical surfaces. They may travel along a wall or ceiling at a rate of half of their Overland Capability.",,
,,Water Booster,Grants a +5 Damage Bonus to all direct-damage Water Moves used by the holder.,Weathershape,"Castform’s appearance changes with the weather around it. It changes to its orange form in Sunny weather, its blue and grey form in Raining weather, its light blue form when it’s Hailing, a rocky brown form in a Sandstorm.",,
,,Type Brace,"These items come in a variety of each of the Elemental Types, and grant the holder 15 Damage Reduction against all direct-damage Moves of that specific Type.",Wielder,"Pokémon with the Wielder Capability gain a +2 bonus to Disarming and cannot have their natural weapons disarmed or removed by moves such as Thief, Covet, Switcheroo, and Trick. Small Pokémon with this capability may additionally wield man-made Small Melee weapons, gaining all normal benefits. Medium and higher size category Pokémon may wield Large Melee weapons. These weapons occupy the Pokémon’s Held Item slot when Wielded. Pokémon Wielding Weapons can only ever get access to Adept Combat Rank Moves from Weapons, even if their Combat Skill would allow them to qualify for higher.",,
,,Bug Brace,Grants the holder 15 Damage Reduction against all direct-damage Bug Moves.,Wired,"Wired Pokémon have a special relation to electronic devices. They can enter machines and travel through connected electronics through any cords that connect them instantly. If used by a Rotom, Rotom may take control of the machine from within, gaining a Move chosen by your GM based on the machine.",,
,,Dark Brace,Grants the holder 15 Damage Reduction against all direct-damage Dark Moves.,X-Ray Vision,"Pokémon and Trainers with the X-Ray Vision Capability can see through walls and solid objects up to a foot in thickness. Objects seen through X-Ray vision are seen as white shapes and outlines without much detailed definition. The effectiveness of X-Ray Vision depends on the object’s material. Anything thin from paper to light wood to most residential drywall allows clear X-Ray Vision through it, while lead and tungsten would block X-Ray Vision entirely.",,
,,Dragon Brace,Grants the holder 15 Damage Reduction against all direct-damage Dragon Moves.,Zapper,"The user’s struggle Attacks may be Electric-Typed if they wish. They may also add their Special Attack instead of their Attack and have the attack deal Special Damage, if they wish.",,
,,Electric Brace,Grants the holder 15 Damage Reduction against all direct-damage Electric Moves.,Forme Change,"The user is capable of changing formes through a Move, Ability, or other effect. Keep a set of Base Stats for each of the user’s forme. All Formes must have the same total HP Stat value. If anything (such as an Ability, Nature, Vitamin, etc.) alters the user’s base stats, all forms are affected in the same way.",,
,,Fairy Brace,Grants the holder 15 Damage Reduction against all direct-damage Fairy Moves.,Leaf Crafter,"The user knows how to make useful accessories from mere common leaves, seeds, and other mundane plant materials. Once per day as an extended action, the user may craft a Grass or Bug Type Booster or Brace. These Held Items last the rest of the day and then degrade.",,
,,Fighting Brace,Grants the holder 15 Damage Reduction against all direct-damage Fighting Moves.,Gardener,"Up to three times per day as an Extended Action, the user may apply Mulch to a yielding plant.",,
,,Fire Brace,Grants the holder 15 Damage Reduction against all direct-damage Fire Moves.,Viral Fusion,"Necrozma can assimilate other creatures, and bonding into a single Pokémon.
As an Extended Action, Necrozma may bond with a willing or helpless Pokémon, removing them from play until they are released as another Extended Action. Necrozma’s Movement and Jumping capabilities become the bonded Pokémon’s, as does Power if the bond’s is higher. Necrozma’s Athletics, Acrobatics, Combat, Stealth, and Perception become
the bonded Pokémon’s, though they are increased by one rank, to a maximum of 6d6. Necrozma takes the bond’s Primary Type (or Secondary Type if its Primary Type is Psychic) as its Secondary Type.
While bonded, the GM will designate one move as the bonded species’ Level-Up Movelist as its ‘signature move’. Necrozma may add this move to its learned movelist as long as it is bonded, following normal movelist restrictions, as long as it is of a level to learn it normally.
For Solgaleo, this move is always Sunsteel Strike; for Lunala, this move is always Moongeist Beam. These Pokémon have specific forms used while bonded.",,
,,Flying Brace,Grants the holder 15 Damage Reduction against all direct-damage Flying Moves.,Weapon Bond,"As an Extended Action, Zacian and Zamazenta may use an Ancestral Sword (Zacian) or Ancestral Shield (Zamazenta) to become Crowned Sword or Crowned Shield Forme respectively.  
While in Crowned Forme, the Pokemon may use a Move as though it were on its Movelist; for Zacian this is Behemoth Blade, and for Zamazenta this is Behemoth Bash.  
This form lasts until the Pokémon is Fainted or voluntarily relinquishes it as an Extended Action. ",,
,,Ghost Brace,Grants the holder 15 Damage Reduction against all direct-damage Ghost Moves.,Zygarde Cells,"Zygarde is composed of many cells, its strength determined by how many are gathered.
Using a Zygarde Cube, as an Extended Action, 10 Cells may be formed into a 10% Zygarde, and 50 Cells may be formed into a 50% Zygarde. These may be disassembled into the number of Cells that they were created from as an Extended Action. 100 Cells may form either a 10% or 50% Zygarde with the Power Construct Ability instead of Aura Break. The resulting Zygarde may not be disassembled, but may be changed between 10% and 50% Formes as an Extended Action using the Cube. The GM determines the Nature and Level of any Zygarde formed. As an Extended Action, a Cube may Tutor Zygarde available Cube moves for 1 TP each.",,
,,Grass Brace,Grants the holder 15 Damage Reduction against all direct-damage Grass Moves.,,,,
,,Ground Brace,Grants the holder 15 Damage Reduction against all direct-damage Ground Moves.,,,,
,,Ice Brace,Grants the holder 15 Damage Reduction against all direct-damage Ice Moves.,,,,
,,Normal Brace,Grants the holder 15 Damage Reduction against all direct-damage Normal Moves.,,,,
,,Poison Brace,Grants the holder 15 Damage Reduction against all direct-damage Poison Moves.,,,,
,,Psychic Brace,Grants the holder 15 Damage Reduction against all direct-damage Psychic Moves.,,,,
,,Rock Brace,Grants the holder 15 Damage Reduction against all direct-damage Rock Moves.,,,,
,,Steel Brace,Grants the holder 15 Damage Reduction against all direct-damage Steel Moves.,,,,
,,Water Brace,Grants the holder 15 Damage Reduction against all direct-damage Water Moves.,,,,
,,Type Gem,"These items come in a variety of each of the Elemental Types, and can be consumed as a Free Action to give a +3 Damage Base bonus to one attack of that specific Type.",,,,
,,Bug Gem,Can be consumed as a Free Action to give a +3 DB bonus to one Bug-Type attack.,,,,
,,Dark Gem,Can be consumed as a Free Action to give a +3 DB bonus to one Dark-Type attack.,,,,
,,Dragon Gem,Can be consumed as a Free Action to give a +3 DB bonus to one Dragon-Type attack.,,,,
,,Electric Gem,Can be consumed as a Free Action to give a +3 DB bonus to one Electric-Type attack.,,,,
,,Fairy Gem,Can be consumed as a Free Action to give a +3 DB bonus to one Fairy-Type attack.,,,,
,,Fighting Gem,Can be consumed as a Free Action to give a +3 DB bonus to one Fighting-Type attack.,,,,
,,Fire Gem,Can be consumed as a Free Action to give a +3 DB bonus to one Fire-Type attack.,,,,
,,Flying Gem,Can be consumed as a Free Action to give a +3 DB bonus to one Flying-Type attack.,,,,
,,Ghost Gem,Can be consumed as a Free Action to give a +3 DB bonus to one Ghost-Type attack.,,,,
,,Grass Gem,Can be consumed as a Free Action to give a +3 DB bonus to one Grass-Type attack.,,,,
,,Ground Gem,Can be consumed as a Free Action to give a +3 DB bonus to one Ground-Type attack.,,,,
,,Ice Gem,Can be consumed as a Free Action to give a +3 DB bonus to one Ice-Type attack.,,,,
,,Normal Gem,Can be consumed as a Free Action to give a +3 DB bonus to one Normal-Type attack.,,,,
,,Poison Gem,Can be consumed as a Free Action to give a +3 DB bonus to one Poison-Type attack.,,,,
,,Psychic Gem,Can be consumed as a Free Action to give a +3 DB bonus to one Psychic-Type attack.,,,,
,,Rock Gem,Can be consumed as a Free Action to give a +3 DB bonus to one Rock-Type attack.,,,,
,,Steel Gem,Can be consumed as a Free Action to give a +3 DB bonus to one Steel-Type attack.,,,,
,,Water Gem,Can be consumed as a Free Action to give a +3 DB bonus to one Water-Type attack.,,,,
,,Type Plates,"These Rare items come in a variety of each of the Elemental Types, and act as both a Type Booster and a Type Brace.",,,,
,,Draco Plate,Acts as both a Dragon Booster and a Dragon Brace.,,,,
,,Dread Plate,Acts as both a Dark Booster and a Dark Brace.,,,,
,,Earth Plate,Acts as both a Ground Booster and a Ground Brace.,,,,
,,Fist Plate,Acts as both a Fighting Booster and a Fighting Brace.,,,,
,,Flame Plate,Acts as both a Fire Booster and a Fire Brace.,,,,
,,Icicle Plate,Acts as both an Ice Booster and an Ice Brace.,,,,
,,Insect Plate,Acts as both a Bug Booster and a Bug Brace.,,,,
,,Iron Plate,Acts as both a Steel Booster and a Steel Brace.,,,,
,,Meadow Plate,Acts as both a Grass Booster and a Grass Brace.,,,,
,,Mind Plate,Acts as both a Psychic Booster and a Psychic Brace.,,,,
,,Pixie Plate,Acts as both a Fairy Booster and a Fairy Brace.,,,,
,,Sky Plate,Acts as both a Flying Booster and a Flying Brace.,,,,
,,Splash Plate,Acts as both a Water Booster and a Water Brace.,,,,
,,Spooky Plate,Acts as both a Ghost Booster and a Ghost Brace.,,,,
,,Stone Plate,Acts as both a Rock Booster and a Rock Brace.,,,,
,,Toxic Plate,Acts as both a Poison Booster and a Poison Brace.,,,,
,,Zap Plate,Acts as both an Electric Booster and an Electric Brace.,,,,
,,Normal Plate,Acts as both a Normal Booster and a Normal Brace.,,,,
,,Winter Cloak,The holder does not take damage from Hail.,,,,
,,Metal Powder,"When held by an untransformed Ditto, increases both Defense and Special Defense by +2 Combat Stages.",,,,
,,Rare Leek,"When held by a Farfetch’d, increases critical range by +2; Wielded.",,,,
,,Thick Club,"When held by a Cubone or Marowak, grants the Pure Power Ability; Wielded.",,,,
,,Pink Pearl,"Acts as a Psychic Booster. If held by a Spoink, it also acts as a Special Attack Booster.",,,,
,,Tiny Mushroom,"The user loses 5 HP, and gains +1 Combat Stage in a random Stat.",,,,
,,Big Mushroom,"The user becomes Poisoned; if they do, they gain +1 Combat Stage in two random Stats.",,,,
,,Balm Mushroom,"The user is cured of Burn, Paralysis, or Poison. If they are, they lose 1 Combat Stage in a random Stat.",,,,
,,Adorable Fashion,The holder may activate this item once a Scene as a Free Action to gain +2 Evasion for one full round.,,,,
,,Elegant Fashion,The holder may activate this item once a Scene as a Free Action when losing Combat Stages from a foe’s effect to instead not lose those Combat Stages.,,,,
,,Rad Fashion,The holder may activate this item once a Scene as a Free Action to gain a +4 bonus to a single Save Check.,,,,
,,Rough Fashion,The holder may activate this item once a Scene as a Free Action to cause a foe within 5 meters to take a -2 penalty to all rolls for one full round.,,,,
,,Slick Fashion,The holder may activate this item once a Scene as a Free Action when provoking an Attack of Opportunity to instead not provoke one.,,,,
,,Mega Stone,An item that allows a Pokémon to Mega Evolve when used in conjunction with a Mega Ring. Each Mega Stone is specific to one species and Mega Evolved form.,,,,
,,Abomasite,Mega Evolves Abomasnow when used in conjuction with a Mega Ring.,,,,
,,Absolite,Mega Evolves Absol when used in conjuction with a Mega Ring.,,,,
,,Aerodactylite,Mega Evolves Aerodactyl when used in conjuction with a Mega Ring.,,,,
,,Aggronite,Mega Evolves Aggron when used in conjuction with a Mega Ring.,,,,
,,Alakazite,Mega Evolves Alakazam when used in conjuction with a Mega Ring.,,,,
,,Altarianite,Mega Evolves Altaria when used in conjuction with a Mega Ring.,,,,
,,Ampharosite,Mega Evolves Ampharos when used in conjuction with a Mega Ring.,,,,
,,Audinite,Mega Evolves Audino when used in conjuction with a Mega Ring.,,,,
,,Banettite,Mega Evolves Banette when used in conjuction with a Mega Ring.,,,,
,,Beedrillite,Mega Evolves Beedrill when used in conjuction with a Mega Ring.,,,,
,,Blastoisinite,Mega Evolves Blastoise when used in conjuction with a Mega Ring.,,,,
,,Blazikenite,Mega Evolves Blaziken when used in conjuction with a Mega Ring.,,,,
,,Cameruptite,Mega Evolves Camerupt when used in conjuction with a Mega Ring.,,,,
,,Charizardite X,Mega Evolves Charizard when used in conjuction with a Mega Ring.,,,,
,,Charizardite Y,Mega Evolves Charizard when used in conjuction with a Mega Ring.,,,,
,,Diancite,Mega Evolves Diancie when used in conjuction with a Mega Ring.,,,,
,,Galladite,Mega Evolves Gallade when used in conjuction with a Mega Ring.,,,,
,,Garchompite,Mega Evolves Garchomp when used in conjuction with a Mega Ring.,,,,
,,Gardevoirite,Mega Evolves Gardevoir when used in conjuction with a Mega Ring.,,,,
,,Gengarite,Mega Evolves Gengar when used in conjuction with a Mega Ring.,,,,
,,Glalitite,Mega Evolves Glalie when used in conjuction with a Mega Ring.,,,,
,,Gyaradosite,Mega Evolves Gyarados when used in conjuction with a Mega Ring.,,,,
,,Heracronite,Mega Evolves Heracross when used in conjuction with a Mega Ring.,,,,
,,Houndoominite,Mega Evolves Houndoom when used in conjuction with a Mega Ring.,,,,
,,Kangaskhanite,Mega Evolves Kangaskhan when used in conjuction with a Mega Ring.,,,,
,,Latiasite,Mega Evolves Latias when used in conjuction with a Mega Ring.,,,,
,,Latiosite,Mega Evolves Latios when used in conjuction with a Mega Ring.,,,,
,,Lopunnite,Mega Evolves Lopunny when used in conjuction with a Mega Ring.,,,,
,,Lucarionite,Mega Evolves Lucario when used in conjuction with a Mega Ring.,,,,
,,Manectite,Mega Evolves Manectric when used in conjuction with a Mega Ring.,Augments,,,
,,Mawilite,Mega Evolves Mawile when used in conjuction with a Mega Ring.,Name,Slot,Capability Used,Effect
,,Medichamite,Mega Evolves Medicham when used in conjuction with a Mega Ring.,Datajack,n/a,0,"The user may directly interface with computers, accessing the data through an Eye Slot Augmentation, external visor, Pokédex, or internal computer. The user can communicate wirelessly with others over networks using the Datajack."
,,Metagrossite,Mega Evolves Metagross when used in conjuction with a Mega Ring.,Enhanced Sight,Eyes,1,The user can see in the IR spectrum and gains the Darkvision Capability.
,,Mewtwonite X,Mega Evolves Mewtwo when used in conjuction with a Mega Ring.,Upgraded Enhanced Sight,Eyes,1,The user can see in the IR spectrum and gains the Darkvision and X-Ray Vision Capabilities.
,,Mewtwonite Y,Mega Evolves Mewtwo when used in conjuction with a Mega Ring.,Smart Vision,Eyes,2,"The user cannot have their Accuracy lowered, and their attacks cannot have Accuracy Penalties."
,,Pidgeotite,Mega Evolves Pidgeotto when used in conjuction with a Mega Ring.,Upgraded Smart Vision,Eyes,2,"The user cannot have their Accuracy lowered, and their attacks cannot have Accuracy Penalties.  The user learns the Move Feint without taking a Move Slot."
,,Pinsirite,Mega Evolves Pinsir when used in conjuction with a Mega Ring.,Synthetic Muscle,Limbs,2,The user gains a +2 bonus to their Power Capability and +1 to both High and Long Jump Capabilities.
,,Sablenite,Mega Evolves Sableye when used in conjuction with a Mega Ring.,Upgraded Synthetic Muscle,Limbs,2,The user gains a +2 bonus to their Power Capability and +1 to both High and Long Jump Capabilities.  The user recovers from Injuries twice as fast and heals one more Injury per day.
,,Salamencite,Mega Evolves Salamence when used in conjuction with a Mega Ring.,Embedded Weaponry,Limbs,3,"Choose Small Melee or Short Range. The user is always treated as equipped with the chosen type of Weapon at a Simple Quality, without consuming an equipment slot, and it may not be disarmed. When installed, choose Bash!, Cheap Shot, or Pierce! for this Weapon’s Adept Move. The user may use Technology Education to qualify for Moves from this Weapon."
,,Sceptilite,Mega Evolves Sceptile when used in conjuction with a Mega Ring.,Upgraded Embedded Weaponry,Limbs,3,"Choose Small Melee or Short Range. The user is always treated as equipped with the chosen type of Weapon at a Fine Quality, without consuming an equipment slot, and it may not be disarmed. When installed, choose Bash!, Cheap Shot, or Pierce! for this Weapon’s Adept Move, with Deadly Strike as this weapon's Master Move. The user may use Technology Education to qualify for Moves from this Weapon."
,,Scizorite,Mega Evolves Scizor when used in conjuction with a Mega Ring.,Medical Nanobots,Body,2,"Three times a day as an Extended Action, the user may gain a Digestion/Food Buff as if they had consumed Leftovers. This does not take up one of the user’s normal Digestion/Food Buff slots, but they may only have one Digestion/Food Buff gained this way at a time."
,,Sharpedonite,Mega Evolves Sharpedo when used in conjuction with a Mega Ring.,Upgraded Medical Nanobots,Body,2,"Three times a day as an Extended Action, the user may gain a Digestion/Food Buff as if they had consumed Leftovers. This does not take up one of the user’s normal Digestion/Food Buff slots, but they may only have one Digestion/Food Buff gained this way at a time.  Once a Scene, the user may cure themselves of all Persistent Status Afflictions as a Standard Action."
,,Slowbronite,Mega Evolves Slowbro when used in conjuction with a Mega Ring.,Wired Reflexes,Body,3,The user begins each Scene with two Reflex Points. These may be spent as a Swift Action on their turn to give them a +2 bonus to their Accuracy (before rolling) or their Evasion for one full round.
,,Steelixite,Mega Evolves Steelix when used in conjuction with a Mega Ring.,Upgraded Wired Reflexes,Body,3,The user begins each Scene with two Reflex Points. These may be spent as a Swift Action on their turn to give them a +2 bonus to their Accuracy (before rolling) or their Evasion for one full round.
,,Swampertite,Mega Evolves Swampert when used in conjuction with a Mega Ring.,Dermal Plating,Dermal,3,"Once a Scene, the user may take Physical Damage as if they resisted it one step further."
,,Tyranitarite,Mega Evolves Tyranitar when used in conjuction with a Mega Ring.,Upgraded Dermal Plating,Dermal,3,"Once a Scene, the user may take Physical or Special Damage as if they resisted it one step further."
,,Venusaurite,Mega Evolves Venusaur when used in conjuction with a Mega Ring.,Thermal-Optical Camouflage,Dermal,4,"The user may activate the Invisibility Capability once per Scene. While Invisible, the user can’t be seen by thermal imagining equipment."
,,Venusaurite,Mega Evolves Venusaur when used in conjuction with a Mega Ring.,Upgraded Thermal-Optical Camouflage,Dermal,4,"The user may activate the Invisibility Capability once per Scene. While Invisible, the user can’t be seen by thermal imagining equipment, and is invisible to Aura Reading and Thought Detection."